_source_system,_source_table,_extracted_at_utc,_snapshot_date,_snapshot_id,station_id,num_bikes_available,num_bikes_disabled,num_docks_available,num_docks_disabled,is_installed,is_renting,is_returning,last_reported,eightd_has_available_keys,is_charging,last_reported_datetime
ecobici,ecobici_gbfs_station_status,2026-06-09T20:35:14Z,2026-06-09,20260609T203513Z,1,9,3,27,0,1,1,1,1781036249,False,False,2026-06-09 20:17:29
ecobici,ecobici_gbfs_station_status,2026-06-09T20:35:14Z,2026-06-09,20260609T203513Z,5,0,0,19,0,1,1,1,1781036014,False,False,2026-06-09 20:13:34
ecobici,ecobici_gbfs_station_status,2026-06-09T20:35:14Z,2026-06-09,20260609T203513Z,6,1,2,24,0,1,1,1,1781036963,False,False,2026-06-09 20:29:23
ecobici,ecobici_gbfs_station_status,2026-06-09T20:35:14Z,2026-06-09,20260609T203513Z,7,0,0,0,0,1,0,0,86400,False,False,1970-01-02 00:00:00
ecobici,ecobici_gbfs_station_status,2026-06-09T20:35:14Z,2026-06-09,20260609T203513Z,8,1,0,30,0,1,1,1,1781036465,False,False,2026-06-09 20:21:05
ecobici,ecobici_gbfs_station_status,2026-06-09T20:35:14Z,2026-06-09,20260609T203513Z,9,5,2,16,0,1,1,1,1781037079,False,False,2026-06-09 20:31:19
ecobici,ecobici_gbfs_station_status,2026-06-09T20:35:14Z,2026-06-09,20260609T203513Z,10,1,1,21,0,1,1,1,1781036279,False,False,2026-06-09 20:17:59
ecobici,ecobici_gbfs_station_status,2026-06-09T20:35:14Z,2026-06-09,20260609T203513Z,11,0,0,27,0,1,1,1,1781035281,False,False,2026-06-09 20:01:21
ecobici,ecobici_gbfs_station_status,2026-06-09T20:35:14Z,2026-06-09,20260609T203513Z,12,1,1,25,0,1,1,1,1781036863,False,False,2026-06-09 20:27:43
ecobici,ecobici_gbfs_station_status,2026-06-09T20:35:14Z,2026-06-09,20260609T203513Z,14,3,1,31,0,1,1,1,1781037137,False,False,2026-06-09 20:32:17
ecobici,ecobici_gbfs_station_status,2026-06-09T20:35:14Z,2026-06-09,20260609T203513Z,15,12,2,9,0,1,1,1,1781036496,False,False,2026-06-09 20:21:36
ecobici,ecobici_gbfs_station_status,2026-06-09T20:35:14Z,2026-06-09,20260609T203513Z,16,2,1,24,0,1,1,1,1781036675,False,False,2026-06-09 20:24:35
ecobici,ecobici_gbfs_station_status,2026-06-09T20:35:14Z,2026-06-09,20260609T203513Z,17,2,6,15,0,1,1,1,1781037137,False,False,2026-06-09 20:32:17
ecobici,ecobici_gbfs_station_status,2026-06-09T20:35:14Z,2026-06-09,20260609T203513Z,18,2,2,31,0,1,1,1,1781036956,False,False,2026-06-09 20:29:16
ecobici,ecobici_gbfs_station_status,2026-06-09T20:35:14Z,2026-06-09,20260609T203513Z,19,3,6,10,0,1,1,1,1781036800,False,False,2026-06-09 20:26:40
ecobici,ecobici_gbfs_station_status,2026-06-09T20:35:14Z,2026-06-09,20260609T203513Z,20,13,5,16,0,1,1,1,1781037121,False,False,2026-06-09 20:32:01
ecobici,ecobici_gbfs_station_status,2026-06-09T20:35:14Z,2026-06-09,20260609T203513Z,21,2,1,20,0,1,1,1,1781036765,False,False,2026-06-09 20:26:05
ecobici,ecobici_gbfs_station_status,2026-06-09T20:35:14Z,2026-06-09,20260609T203513Z,22,1,1,21,0,1,1,1,1781037304,False,False,2026-06-09 20:35:04
ecobici,ecobici_gbfs_station_status,2026-06-09T20:35:14Z,2026-06-09,20260609T203513Z,23,2,3,30,0,1,1,1,1781037253,False,False,2026-06-09 20:34:13
ecobici,ecobici_gbfs_station_status,2026-06-09T20:35:14Z,2026-06-09,20260609T203513Z,24,3,2,30,0,1,1,1,1781037160,False,False,2026-06-09 20:32:40
ecobici,ecobici_gbfs_station_status,2026-06-09T20:35:14Z,2026-06-09,20260609T203513Z,25,3,2,18,0,1,1,1,1781037059,False,False,2026-06-09 20:30:59
ecobici,ecobici_gbfs_station_status,2026-06-09T20:35:14Z,2026-06-09,20260609T203513Z,26,0,1,18,0,1,1,1,1781036145,False,False,2026-06-09 20:15:45
ecobici,ecobici_gbfs_station_status,2026-06-09T20:35:14Z,2026-06-09,20260609T203513Z,27,1,2,18,0,1,1,1,1781037282,False,False,2026-06-09 20:34:42
ecobici,ecobici_gbfs_station_status,2026-06-09T20:35:14Z,2026-06-09,20260609T203513Z,28,0,0,11,0,1,1,1,1781036724,False,False,2026-06-09 20:25:24
ecobici,ecobici_gbfs_station_status,2026-06-09T20:35:14Z,2026-06-09,20260609T203513Z,29,1,1,29,0,1,1,1,1781037167,False,False,2026-06-09 20:32:47
ecobici,ecobici_gbfs_station_status,2026-06-09T20:35:14Z,2026-06-09,20260609T203513Z,30,1,0,18,0,1,1,1,1781037260,False,False,2026-06-09 20:34:20
ecobici,ecobici_gbfs_station_status,2026-06-09T20:35:14Z,2026-06-09,20260609T203513Z,31,0,1,14,0,1,1,1,1781037019,False,False,2026-06-09 20:30:19
ecobici,ecobici_gbfs_station_status,2026-06-09T20:35:14Z,2026-06-09,20260609T203513Z,32,3,3,13,0,1,1,1,1781037269,False,False,2026-06-09 20:34:29
ecobici,ecobici_gbfs_station_status,2026-06-09T20:35:14Z,2026-06-09,20260609T203513Z,33,0,1,26,0,1,1,1,1781037174,False,False,2026-06-09 20:32:54
ecobici,ecobici_gbfs_station_status,2026-06-09T20:35:14Z,2026-06-09,20260609T203513Z,34,1,1,17,0,1,1,1,1781036847,False,False,2026-06-09 20:27:27
ecobici,ecobici_gbfs_station_status,2026-06-09T20:35:14Z,2026-06-09,20260609T203513Z,35,1,4,26,0,1,1,1,1781036325,False,False,2026-06-09 20:18:45
ecobici,ecobici_gbfs_station_status,2026-06-09T20:35:14Z,2026-06-09,20260609T203513Z,36,3,2,14,0,1,1,1,1781035710,False,False,2026-06-09 20:08:30
ecobici,ecobici_gbfs_station_status,2026-06-09T20:35:14Z,2026-06-09,20260609T203513Z,37,0,7,24,0,1,1,1,1781036974,False,False,2026-06-09 20:29:34
ecobici,ecobici_gbfs_station_status,2026-06-09T20:35:14Z,2026-06-09,20260609T203513Z,38,3,1,19,0,1,1,1,1781037273,False,False,2026-06-09 20:34:33
ecobici,ecobici_gbfs_station_status,2026-06-09T20:35:14Z,2026-06-09,20260609T203513Z,39,2,0,17,0,1,1,1,1781037199,False,False,2026-06-09 20:33:19
ecobici,ecobici_gbfs_station_status,2026-06-09T20:35:14Z,2026-06-09,20260609T203513Z,40,0,4,27,0,1,1,1,1781037298,False,False,2026-06-09 20:34:58
ecobici,ecobici_gbfs_station_status,2026-06-09T20:35:14Z,2026-06-09,20260609T203513Z,41,1,1,21,0,1,1,1,1781036229,False,False,2026-06-09 20:17:09
ecobici,ecobici_gbfs_station_status,2026-06-09T20:35:14Z,2026-06-09,20260609T203513Z,42,1,3,15,0,1,1,1,1781037309,False,False,2026-06-09 20:35:09
ecobici,ecobici_gbfs_station_status,2026-06-09T20:35:14Z,2026-06-09,20260609T203513Z,43,0,0,19,0,1,1,1,1781035416,False,False,2026-06-09 20:03:36
ecobici,ecobici_gbfs_station_status,2026-06-09T20:35:14Z,2026-06-09,20260609T203513Z,44,0,3,44,0,1,1,1,1781037182,False,False,2026-06-09 20:33:02
ecobici,ecobici_gbfs_station_status,2026-06-09T20:35:14Z,2026-06-09,20260609T203513Z,45,10,0,16,0,1,1,1,1781037068,False,False,2026-06-09 20:31:08
ecobici,ecobici_gbfs_station_status,2026-06-09T20:35:14Z,2026-06-09,20260609T203513Z,46,1,1,29,0,1,1,1,1781037077,False,False,2026-06-09 20:31:17
ecobici,ecobici_gbfs_station_status,2026-06-09T20:35:14Z,2026-06-09,20260609T203513Z,47,2,1,20,0,1,1,1,1781037287,False,False,2026-06-09 20:34:47
ecobici,ecobici_gbfs_station_status,2026-06-09T20:35:14Z,2026-06-09,20260609T203513Z,48,1,2,20,0,1,1,1,1781037282,False,False,2026-06-09 20:34:42
ecobici,ecobici_gbfs_station_status,2026-06-09T20:35:14Z,2026-06-09,20260609T203513Z,49,0,3,56,0,1,1,1,1781035711,False,False,2026-06-09 20:08:31
ecobici,ecobici_gbfs_station_status,2026-06-09T20:35:14Z,2026-06-09,20260609T203513Z,50,6,4,9,0,1,1,1,1781036903,False,False,2026-06-09 20:28:23
ecobici,ecobici_gbfs_station_status,2026-06-09T20:35:14Z,2026-06-09,20260609T203513Z,51,1,0,26,0,1,1,1,1781035883,False,False,2026-06-09 20:11:23
ecobici,ecobici_gbfs_station_status,2026-06-09T20:35:14Z,2026-06-09,20260609T203513Z,52,11,3,21,0,1,1,1,1781037057,False,False,2026-06-09 20:30:57
ecobici,ecobici_gbfs_station_status,2026-06-09T20:35:14Z,2026-06-09,20260609T203513Z,53,0,3,20,0,1,1,1,1781027888,False,False,2026-06-09 17:58:08
ecobici,ecobici_gbfs_station_status,2026-06-09T20:35:14Z,2026-06-09,20260609T203513Z,55,4,2,17,0,1,1,1,1781037310,False,False,2026-06-09 20:35:10
ecobici,ecobici_gbfs_station_status,2026-06-09T20:35:14Z,2026-06-09,20260609T203513Z,56,4,3,28,0,1,1,1,1781037309,False,False,2026-06-09 20:35:09
ecobici,ecobici_gbfs_station_status,2026-06-09T20:35:14Z,2026-06-09,20260609T203513Z,57,14,3,6,0,1,1,1,1781036006,False,False,2026-06-09 20:13:26
ecobici,ecobici_gbfs_station_status,2026-06-09T20:35:14Z,2026-06-09,20260609T203513Z,58,6,0,24,0,1,1,1,1781037225,False,False,2026-06-09 20:33:45
ecobici,ecobici_gbfs_station_status,2026-06-09T20:35:14Z,2026-06-09,20260609T203513Z,59,5,1,21,0,1,1,1,1781037027,False,False,2026-06-09 20:30:27
ecobici,ecobici_gbfs_station_status,2026-06-09T20:35:14Z,2026-06-09,20260609T203513Z,60,2,3,22,0,1,1,1,1781036998,False,False,2026-06-09 20:29:58
ecobici,ecobici_gbfs_station_status,2026-06-09T20:35:14Z,2026-06-09,20260609T203513Z,61,0,1,34,0,1,1,1,1781036431,False,False,2026-06-09 20:20:31
ecobici,ecobici_gbfs_station_status,2026-06-09T20:35:14Z,2026-06-09,20260609T203513Z,62,4,1,29,1,1,1,1,1781036544,False,False,2026-06-09 20:22:24
ecobici,ecobici_gbfs_station_status,2026-06-09T20:35:14Z,2026-06-09,20260609T203513Z,63,0,2,17,0,1,1,1,1781036418,False,False,2026-06-09 20:20:18
ecobici,ecobici_gbfs_station_status,2026-06-09T20:35:14Z,2026-06-09,20260609T203513Z,64,2,5,24,0,1,1,1,1781037258,False,False,2026-06-09 20:34:18
ecobici,ecobici_gbfs_station_status,2026-06-09T20:35:14Z,2026-06-09,20260609T203513Z,65,0,4,27,0,1,1,1,1781036779,False,False,2026-06-09 20:26:19
ecobici,ecobici_gbfs_station_status,2026-06-09T20:35:14Z,2026-06-09,20260609T203513Z,66,1,1,25,0,1,1,1,1781036698,False,False,2026-06-09 20:24:58
ecobici,ecobici_gbfs_station_status,2026-06-09T20:35:14Z,2026-06-09,20260609T203513Z,67,3,1,19,0,1,1,1,1781035063,False,False,2026-06-09 19:57:43
ecobici,ecobici_gbfs_station_status,2026-06-09T20:35:14Z,2026-06-09,20260609T203513Z,68,0,2,21,0,1,1,1,1781036962,False,False,2026-06-09 20:29:22
ecobici,ecobici_gbfs_station_status,2026-06-09T20:35:14Z,2026-06-09,20260609T203513Z,69,10,1,24,0,1,1,1,1781036700,False,False,2026-06-09 20:25:00
ecobici,ecobici_gbfs_station_status,2026-06-09T20:35:14Z,2026-06-09,20260609T203513Z,70,0,0,19,0,1,1,1,1781037051,False,False,2026-06-09 20:30:51
ecobici,ecobici_gbfs_station_status,2026-06-09T20:35:14Z,2026-06-09,20260609T203513Z,71,10,7,18,0,1,1,1,1781037258,False,False,2026-06-09 20:34:18
ecobici,ecobici_gbfs_station_status,2026-06-09T20:35:14Z,2026-06-09,20260609T203513Z,72,6,6,19,0,1,1,1,1781037087,False,False,2026-06-09 20:31:27
ecobici,ecobici_gbfs_station_status,2026-06-09T20:35:14Z,2026-06-09,20260609T203513Z,73,7,2,14,0,1,1,1,1781036932,False,False,2026-06-09 20:28:52
ecobici,ecobici_gbfs_station_status,2026-06-09T20:35:14Z,2026-06-09,20260609T203513Z,74,0,3,12,0,1,1,1,1781032011,False,False,2026-06-09 19:06:51
ecobici,ecobici_gbfs_station_status,2026-06-09T20:35:14Z,2026-06-09,20260609T203513Z,75,0,2,17,0,1,1,1,1781036149,False,False,2026-06-09 20:15:49
ecobici,ecobici_gbfs_station_status,2026-06-09T20:35:14Z,2026-06-09,20260609T203513Z,76,4,2,21,0,1,1,1,1781036660,False,False,2026-06-09 20:24:20
ecobici,ecobici_gbfs_station_status,2026-06-09T20:35:14Z,2026-06-09,20260609T203513Z,77,2,2,27,0,1,1,1,1781036966,False,False,2026-06-09 20:29:26
ecobici,ecobici_gbfs_station_status,2026-06-09T20:35:14Z,2026-06-09,20260609T203513Z,78,6,4,13,0,1,1,1,1781036962,False,False,2026-06-09 20:29:22
ecobici,ecobici_gbfs_station_status,2026-06-09T20:35:14Z,2026-06-09,20260609T203513Z,79,1,2,32,0,1,1,1,1781037085,False,False,2026-06-09 20:31:25
ecobici,ecobici_gbfs_station_status,2026-06-09T20:35:14Z,2026-06-09,20260609T203513Z,80,16,1,6,0,1,1,1,1781037134,False,False,2026-06-09 20:32:14
ecobici,ecobici_gbfs_station_status,2026-06-09T20:35:14Z,2026-06-09,20260609T203513Z,81,1,0,18,0,1,1,1,1781037220,False,False,2026-06-09 20:33:40
ecobici,ecobici_gbfs_station_status,2026-06-09T20:35:14Z,2026-06-09,20260609T203513Z,82,5,11,11,0,1,1,1,1781037219,False,False,2026-06-09 20:33:39
ecobici,ecobici_gbfs_station_status,2026-06-09T20:35:14Z,2026-06-09,20260609T203513Z,83,2,5,28,0,1,1,1,1781036945,False,False,2026-06-09 20:29:05
ecobici,ecobici_gbfs_station_status,2026-06-09T20:35:14Z,2026-06-09,20260609T203513Z,84,4,5,26,0,1,1,1,1781037179,False,False,2026-06-09 20:32:59
ecobici,ecobici_gbfs_station_status,2026-06-09T20:35:14Z,2026-06-09,20260609T203513Z,85,7,2,6,0,1,1,1,1781037014,False,False,2026-06-09 20:30:14
ecobici,ecobici_gbfs_station_status,2026-06-09T20:35:14Z,2026-06-09,20260609T203513Z,86,1,3,23,0,1,1,1,1781037264,False,False,2026-06-09 20:34:24
ecobici,ecobici_gbfs_station_status,2026-06-09T20:35:14Z,2026-06-09,20260609T203513Z,87,6,3,22,0,1,1,1,1781036913,False,False,2026-06-09 20:28:33
ecobici,ecobici_gbfs_station_status,2026-06-09T20:35:14Z,2026-06-09,20260609T203513Z,88,4,0,19,0,1,1,1,1781037112,False,False,2026-06-09 20:31:52
ecobici,ecobici_gbfs_station_status,2026-06-09T20:35:14Z,2026-06-09,20260609T203513Z,89,5,5,29,0,1,1,1,1781037210,False,False,2026-06-09 20:33:30
ecobici,ecobici_gbfs_station_status,2026-06-09T20:35:14Z,2026-06-09,20260609T203513Z,90,4,7,16,0,1,1,1,1781037257,False,False,2026-06-09 20:34:17
ecobici,ecobici_gbfs_station_status,2026-06-09T20:35:14Z,2026-06-09,20260609T203513Z,91,3,1,19,0,1,1,1,1781037270,False,False,2026-06-09 20:34:30
ecobici,ecobici_gbfs_station_status,2026-06-09T20:35:14Z,2026-06-09,20260609T203513Z,92,7,0,8,0,1,1,1,1781037221,False,False,2026-06-09 20:33:41
ecobici,ecobici_gbfs_station_status,2026-06-09T20:35:14Z,2026-06-09,20260609T203513Z,93,29,0,10,0,1,1,1,1781037254,False,False,2026-06-09 20:34:14
ecobici,ecobici_gbfs_station_status,2026-06-09T20:35:14Z,2026-06-09,20260609T203513Z,94,1,1,25,0,1,1,1,1781037280,False,False,2026-06-09 20:34:40
ecobici,ecobici_gbfs_station_status,2026-06-09T20:35:14Z,2026-06-09,20260609T203513Z,95,1,0,38,0,1,1,1,1781036819,False,False,2026-06-09 20:26:59
ecobici,ecobici_gbfs_station_status,2026-06-09T20:35:14Z,2026-06-09,20260609T203513Z,96,0,4,35,0,1,1,1,1781036180,False,False,2026-06-09 20:16:20
ecobici,ecobici_gbfs_station_status,2026-06-09T20:35:14Z,2026-06-09,20260609T203513Z,97,4,11,30,0,1,1,1,1781037210,False,False,2026-06-09 20:33:30
ecobici,ecobici_gbfs_station_status,2026-06-09T20:35:14Z,2026-06-09,20260609T203513Z,98,0,1,34,0,1,1,1,1781037299,False,False,2026-06-09 20:34:59
ecobici,ecobici_gbfs_station_status,2026-06-09T20:35:14Z,2026-06-09,20260609T203513Z,99,3,1,18,1,1,1,1,1781033088,False,False,2026-06-09 19:24:48
ecobici,ecobici_gbfs_station_status,2026-06-09T20:35:14Z,2026-06-09,20260609T203513Z,100,4,0,19,0,1,1,1,1781037192,False,False,2026-06-09 20:33:12
ecobici,ecobici_gbfs_station_status,2026-06-09T20:35:14Z,2026-06-09,20260609T203513Z,101,3,7,5,0,1,1,1,1781036726,False,False,2026-06-09 20:25:26
ecobici,ecobici_gbfs_station_status,2026-06-09T20:35:14Z,2026-06-09,20260609T203513Z,102,5,3,19,0,1,1,1,1781037277,False,False,2026-06-09 20:34:37
ecobici,ecobici_gbfs_station_status,2026-06-09T20:35:14Z,2026-06-09,20260609T203513Z,103,2,0,25,0,1,1,1,1781037308,False,False,2026-06-09 20:35:08
ecobici,ecobici_gbfs_station_status,2026-06-09T20:35:14Z,2026-06-09,20260609T203513Z,104,1,3,55,0,1,1,1,1781037081,False,False,2026-06-09 20:31:21
ecobici,ecobici_gbfs_station_status,2026-06-09T20:35:14Z,2026-06-09,20260609T203513Z,105,2,2,27,0,1,1,1,1781036930,False,False,2026-06-09 20:28:50
ecobici,ecobici_gbfs_station_status,2026-06-09T20:35:14Z,2026-06-09,20260609T203513Z,106,10,3,22,0,1,1,1,1781036836,False,False,2026-06-09 20:27:16
ecobici,ecobici_gbfs_station_status,2026-06-09T20:35:14Z,2026-06-09,20260609T203513Z,107,0,1,34,0,1,1,1,1781036538,False,False,2026-06-09 20:22:18
ecobici,ecobici_gbfs_station_status,2026-06-09T20:35:14Z,2026-06-09,20260609T203513Z,108,27,8,0,0,1,1,1,1781035995,False,False,2026-06-09 20:13:15
ecobici,ecobici_gbfs_station_status,2026-06-09T20:35:14Z,2026-06-09,20260609T203513Z,109,14,3,2,0,1,1,1,1781036718,False,False,2026-06-09 20:25:18
ecobici,ecobici_gbfs_station_status,2026-06-09T20:35:14Z,2026-06-09,20260609T203513Z,110,1,1,21,0,1,1,1,1781037300,False,False,2026-06-09 20:35:00
ecobici,ecobici_gbfs_station_status,2026-06-09T20:35:14Z,2026-06-09,20260609T203513Z,111,6,4,9,0,1,1,1,1781036401,False,False,2026-06-09 20:20:01
ecobici,ecobici_gbfs_station_status,2026-06-09T20:35:14Z,2026-06-09,20260609T203513Z,112,9,1,5,0,1,1,1,1781036384,False,False,2026-06-09 20:19:44
ecobici,ecobici_gbfs_station_status,2026-06-09T20:35:14Z,2026-06-09,20260609T203513Z,113,9,3,19,0,1,1,1,1781037304,False,False,2026-06-09 20:35:04
ecobici,ecobici_gbfs_station_status,2026-06-09T20:35:14Z,2026-06-09,20260609T203513Z,114,2,3,26,0,1,1,1,1781037239,False,False,2026-06-09 20:33:59
ecobici,ecobici_gbfs_station_status,2026-06-09T20:35:14Z,2026-06-09,20260609T203513Z,115,3,0,12,0,1,1,1,1781036901,False,False,2026-06-09 20:28:21
ecobici,ecobici_gbfs_station_status,2026-06-09T20:35:14Z,2026-06-09,20260609T203513Z,116,1,2,24,0,1,1,1,1781037290,False,False,2026-06-09 20:34:50
ecobici,ecobici_gbfs_station_status,2026-06-09T20:35:14Z,2026-06-09,20260609T203513Z,117,5,3,19,0,1,1,1,1781036470,False,False,2026-06-09 20:21:10
ecobici,ecobici_gbfs_station_status,2026-06-09T20:35:14Z,2026-06-09,20260609T203513Z,118,3,1,17,0,1,1,1,1781037228,False,False,2026-06-09 20:33:48
ecobici,ecobici_gbfs_station_status,2026-06-09T20:35:14Z,2026-06-09,20260609T203513Z,119,24,2,5,0,1,1,1,1781037116,False,False,2026-06-09 20:31:56
ecobici,ecobici_gbfs_station_status,2026-06-09T20:35:14Z,2026-06-09,20260609T203513Z,120,17,3,7,0,1,1,1,1781037020,False,False,2026-06-09 20:30:20
ecobici,ecobici_gbfs_station_status,2026-06-09T20:35:14Z,2026-06-09,20260609T203513Z,121,3,4,16,0,1,1,1,1781036951,False,False,2026-06-09 20:29:11
ecobici,ecobici_gbfs_station_status,2026-06-09T20:35:14Z,2026-06-09,20260609T203513Z,122,0,1,30,0,1,1,1,1781037185,False,False,2026-06-09 20:33:05
ecobici,ecobici_gbfs_station_status,2026-06-09T20:35:14Z,2026-06-09,20260609T203513Z,123,3,5,14,1,1,1,1,1781037268,False,False,2026-06-09 20:34:28
ecobici,ecobici_gbfs_station_status,2026-06-09T20:35:14Z,2026-06-09,20260609T203513Z,124,14,0,28,1,1,1,1,1781036947,False,False,2026-06-09 20:29:07
ecobici,ecobici_gbfs_station_status,2026-06-09T20:35:14Z,2026-06-09,20260609T203513Z,125,0,2,27,0,1,1,1,1781036199,False,False,2026-06-09 20:16:39
ecobici,ecobici_gbfs_station_status,2026-06-09T20:35:14Z,2026-06-09,20260609T203513Z,126,3,3,21,0,1,1,1,1781037076,False,False,2026-06-09 20:31:16
ecobici,ecobici_gbfs_station_status,2026-06-09T20:35:14Z,2026-06-09,20260609T203513Z,127,2,1,30,0,1,1,1,1781037267,False,False,2026-06-09 20:34:27
ecobici,ecobici_gbfs_station_status,2026-06-09T20:35:14Z,2026-06-09,20260609T203513Z,128,2,0,69,0,1,1,1,1781036207,False,False,2026-06-09 20:16:47
ecobici,ecobici_gbfs_station_status,2026-06-09T20:35:14Z,2026-06-09,20260609T203513Z,129,2,4,29,0,1,1,1,1781037230,False,False,2026-06-09 20:33:50
ecobici,ecobici_gbfs_station_status,2026-06-09T20:35:14Z,2026-06-09,20260609T203513Z,130,0,1,68,0,1,1,1,1781035002,False,False,2026-06-09 19:56:42
ecobici,ecobici_gbfs_station_status,2026-06-09T20:35:14Z,2026-06-09,20260609T203513Z,131,15,2,6,0,1,1,1,1781037203,False,False,2026-06-09 20:33:23
ecobici,ecobici_gbfs_station_status,2026-06-09T20:35:14Z,2026-06-09,20260609T203513Z,132,5,1,25,0,1,1,1,1781037270,False,False,2026-06-09 20:34:30
ecobici,ecobici_gbfs_station_status,2026-06-09T20:35:14Z,2026-06-09,20260609T203513Z,133,3,3,21,0,1,1,1,1781037281,False,False,2026-06-09 20:34:41
ecobici,ecobici_gbfs_station_status,2026-06-09T20:35:14Z,2026-06-09,20260609T203513Z,134,0,3,67,0,1,1,1,1781036824,False,False,2026-06-09 20:27:04
ecobici,ecobici_gbfs_station_status,2026-06-09T20:35:14Z,2026-06-09,20260609T203513Z,135,1,4,36,0,1,1,1,1781037268,False,False,2026-06-09 20:34:28
ecobici,ecobici_gbfs_station_status,2026-06-09T20:35:14Z,2026-06-09,20260609T203513Z,136,4,3,8,0,1,1,1,1781037136,False,False,2026-06-09 20:32:16
ecobici,ecobici_gbfs_station_status,2026-06-09T20:35:14Z,2026-06-09,20260609T203513Z,137,1,0,14,0,1,1,1,1781037284,False,False,2026-06-09 20:34:44
ecobici,ecobici_gbfs_station_status,2026-06-09T20:35:14Z,2026-06-09,20260609T203513Z,138,1,3,19,0,1,1,1,1781037009,False,False,2026-06-09 20:30:09
ecobici,ecobici_gbfs_station_status,2026-06-09T20:35:14Z,2026-06-09,20260609T203513Z,139,0,1,26,0,1,1,1,1781036905,False,False,2026-06-09 20:28:25
ecobici,ecobici_gbfs_station_status,2026-06-09T20:35:14Z,2026-06-09,20260609T203513Z,140,1,5,21,0,1,1,1,1781037147,False,False,2026-06-09 20:32:27
ecobici,ecobici_gbfs_station_status,2026-06-09T20:35:14Z,2026-06-09,20260609T203513Z,141,4,1,69,0,1,1,1,1781036966,False,False,2026-06-09 20:29:26
ecobici,ecobici_gbfs_station_status,2026-06-09T20:35:14Z,2026-06-09,20260609T203513Z,142,0,2,21,0,1,1,1,1781035949,False,False,2026-06-09 20:12:29
ecobici,ecobici_gbfs_station_status,2026-06-09T20:35:14Z,2026-06-09,20260609T203513Z,143,2,4,21,0,1,1,1,1781037247,False,False,2026-06-09 20:34:07
ecobici,ecobici_gbfs_station_status,2026-06-09T20:35:14Z,2026-06-09,20260609T203513Z,144,0,8,15,0,1,1,1,1781037228,False,False,2026-06-09 20:33:48
ecobici,ecobici_gbfs_station_status,2026-06-09T20:35:14Z,2026-06-09,20260609T203513Z,145,5,3,23,0,1,1,1,1781037302,False,False,2026-06-09 20:35:02
ecobici,ecobici_gbfs_station_status,2026-06-09T20:35:14Z,2026-06-09,20260609T203513Z,146,10,3,16,0,1,1,1,1781037233,False,False,2026-06-09 20:33:53
ecobici,ecobici_gbfs_station_status,2026-06-09T20:35:14Z,2026-06-09,20260609T203513Z,147,7,3,9,0,1,1,1,1781037229,False,False,2026-06-09 20:33:49
ecobici,ecobici_gbfs_station_status,2026-06-09T20:35:14Z,2026-06-09,20260609T203513Z,148,21,0,6,0,1,1,1,1781036554,False,False,2026-06-09 20:22:34
ecobici,ecobici_gbfs_station_status,2026-06-09T20:35:14Z,2026-06-09,20260609T203513Z,149,24,1,2,0,1,1,1,1781037302,False,False,2026-06-09 20:35:02
ecobici,ecobici_gbfs_station_status,2026-06-09T20:35:14Z,2026-06-09,20260609T203513Z,150,12,0,11,0,1,1,1,1781037142,False,False,2026-06-09 20:32:22
ecobici,ecobici_gbfs_station_status,2026-06-09T20:35:14Z,2026-06-09,20260609T203513Z,151,27,0,0,0,1,1,1,1781030498,False,False,2026-06-09 18:41:38
ecobici,ecobici_gbfs_station_status,2026-06-09T20:35:14Z,2026-06-09,20260609T203513Z,152,3,1,70,0,1,1,1,1781037280,False,False,2026-06-09 20:34:40
ecobici,ecobici_gbfs_station_status,2026-06-09T20:35:14Z,2026-06-09,20260609T203513Z,153,23,0,0,0,1,1,1,1781037299,False,False,2026-06-09 20:34:59
ecobici,ecobici_gbfs_station_status,2026-06-09T20:35:14Z,2026-06-09,20260609T203513Z,154,12,1,14,0,1,1,1,1781037245,False,False,2026-06-09 20:34:05
ecobici,ecobici_gbfs_station_status,2026-06-09T20:35:14Z,2026-06-09,20260609T203513Z,155,21,1,5,0,1,1,1,1781037172,False,False,2026-06-09 20:32:52
ecobici,ecobici_gbfs_station_status,2026-06-09T20:35:14Z,2026-06-09,20260609T203513Z,156,14,2,19,0,1,1,1,1781037200,False,False,2026-06-09 20:33:20
ecobici,ecobici_gbfs_station_status,2026-06-09T20:35:14Z,2026-06-09,20260609T203513Z,157,2,1,16,0,1,1,1,1781037171,False,False,2026-06-09 20:32:51
ecobici,ecobici_gbfs_station_status,2026-06-09T20:35:14Z,2026-06-09,20260609T203513Z,158,11,0,12,0,1,1,1,1781037152,False,False,2026-06-09 20:32:32
ecobici,ecobici_gbfs_station_status,2026-06-09T20:35:14Z,2026-06-09,20260609T203513Z,159,21,1,5,0,1,1,1,1781036905,False,False,2026-06-09 20:28:25
ecobici,ecobici_gbfs_station_status,2026-06-09T20:35:14Z,2026-06-09,20260609T203513Z,160,22,2,11,0,1,1,1,1781037216,False,False,2026-06-09 20:33:36
ecobici,ecobici_gbfs_station_status,2026-06-09T20:35:14Z,2026-06-09,20260609T203513Z,161,18,1,8,0,1,1,1,1781037071,False,False,2026-06-09 20:31:11
ecobici,ecobici_gbfs_station_status,2026-06-09T20:35:14Z,2026-06-09,20260609T203513Z,162,20,1,2,0,1,1,1,1781037041,False,False,2026-06-09 20:30:41
ecobici,ecobici_gbfs_station_status,2026-06-09T20:35:14Z,2026-06-09,20260609T203513Z,163,12,1,10,0,1,1,1,1781037304,False,False,2026-06-09 20:35:04
ecobici,ecobici_gbfs_station_status,2026-06-09T20:35:14Z,2026-06-09,20260609T203513Z,164,38,6,5,0,1,1,1,1781037221,False,False,2026-06-09 20:33:41
ecobici,ecobici_gbfs_station_status,2026-06-09T20:35:14Z,2026-06-09,20260609T203513Z,165,9,5,9,0,1,1,1,1781036877,False,False,2026-06-09 20:27:57
ecobici,ecobici_gbfs_station_status,2026-06-09T20:35:14Z,2026-06-09,20260609T203513Z,166,17,1,13,0,1,1,1,1781037216,False,False,2026-06-09 20:33:36
ecobici,ecobici_gbfs_station_status,2026-06-09T20:35:14Z,2026-06-09,20260609T203513Z,167,2,0,13,0,1,1,1,1781037219,False,False,2026-06-09 20:33:39
ecobici,ecobici_gbfs_station_status,2026-06-09T20:35:14Z,2026-06-09,20260609T203513Z,168,0,3,20,0,1,1,1,1781036574,False,False,2026-06-09 20:22:54
ecobici,ecobici_gbfs_station_status,2026-06-09T20:35:14Z,2026-06-09,20260609T203513Z,169,11,2,18,0,1,1,1,1781037301,False,False,2026-06-09 20:35:01
ecobici,ecobici_gbfs_station_status,2026-06-09T20:35:14Z,2026-06-09,20260609T203513Z,170,0,1,22,0,1,1,1,1781037082,False,False,2026-06-09 20:31:22
ecobici,ecobici_gbfs_station_status,2026-06-09T20:35:14Z,2026-06-09,20260609T203513Z,171,21,6,10,0,1,1,1,1781037111,False,False,2026-06-09 20:31:51
ecobici,ecobici_gbfs_station_status,2026-06-09T20:35:14Z,2026-06-09,20260609T203513Z,172,10,2,27,0,1,1,1,1781037290,False,False,2026-06-09 20:34:50
ecobici,ecobici_gbfs_station_status,2026-06-09T20:35:14Z,2026-06-09,20260609T203513Z,173,8,3,24,0,1,1,1,1781037296,False,False,2026-06-09 20:34:56
ecobici,ecobici_gbfs_station_status,2026-06-09T20:35:14Z,2026-06-09,20260609T203513Z,174,5,2,12,0,1,1,1,1781037296,False,False,2026-06-09 20:34:56
ecobici,ecobici_gbfs_station_status,2026-06-09T20:35:14Z,2026-06-09,20260609T203513Z,175,7,2,22,0,1,1,1,1781036901,False,False,2026-06-09 20:28:21
ecobici,ecobici_gbfs_station_status,2026-06-09T20:35:14Z,2026-06-09,20260609T203513Z,176,10,4,3,0,1,1,1,1781037164,False,False,2026-06-09 20:32:44
ecobici,ecobici_gbfs_station_status,2026-06-09T20:35:14Z,2026-06-09,20260609T203513Z,177,6,3,14,0,1,1,1,1781037239,False,False,2026-06-09 20:33:59
ecobici,ecobici_gbfs_station_status,2026-06-09T20:35:14Z,2026-06-09,20260609T203513Z,178,4,4,19,0,1,1,1,1781037139,False,False,2026-06-09 20:32:19
ecobici,ecobici_gbfs_station_status,2026-06-09T20:35:14Z,2026-06-09,20260609T203513Z,179,7,2,22,0,1,1,1,1781036753,False,False,2026-06-09 20:25:53
ecobici,ecobici_gbfs_station_status,2026-06-09T20:35:14Z,2026-06-09,20260609T203513Z,180,6,2,27,0,1,1,1,1781037254,False,False,2026-06-09 20:34:14
ecobici,ecobici_gbfs_station_status,2026-06-09T20:35:14Z,2026-06-09,20260609T203513Z,181,0,3,16,0,1,1,1,1781037080,False,False,2026-06-09 20:31:20
ecobici,ecobici_gbfs_station_status,2026-06-09T20:35:14Z,2026-06-09,20260609T203513Z,182,1,1,17,0,1,1,1,1781036310,False,False,2026-06-09 20:18:30
ecobici,ecobici_gbfs_station_status,2026-06-09T20:35:14Z,2026-06-09,20260609T203513Z,183,3,1,15,0,1,1,1,1781036818,False,False,2026-06-09 20:26:58
ecobici,ecobici_gbfs_station_status,2026-06-09T20:35:14Z,2026-06-09,20260609T203513Z,184,8,2,26,0,1,1,1,1781037290,False,False,2026-06-09 20:34:50
ecobici,ecobici_gbfs_station_status,2026-06-09T20:35:14Z,2026-06-09,20260609T203513Z,185,2,0,9,0,1,1,1,1781037025,False,False,2026-06-09 20:30:25
ecobici,ecobici_gbfs_station_status,2026-06-09T20:35:14Z,2026-06-09,20260609T203513Z,186,12,2,13,0,1,1,1,1781037109,False,False,2026-06-09 20:31:49
ecobici,ecobici_gbfs_station_status,2026-06-09T20:35:14Z,2026-06-09,20260609T203513Z,187,4,1,18,0,1,1,1,1781037260,False,False,2026-06-09 20:34:20
ecobici,ecobici_gbfs_station_status,2026-06-09T20:35:14Z,2026-06-09,20260609T203513Z,188,0,0,21,0,1,1,1,1781037011,False,False,2026-06-09 20:30:11
ecobici,ecobici_gbfs_station_status,2026-06-09T20:35:14Z,2026-06-09,20260609T203513Z,189,4,4,11,0,1,1,1,1781037158,False,False,2026-06-09 20:32:38
ecobici,ecobici_gbfs_station_status,2026-06-09T20:35:14Z,2026-06-09,20260609T203513Z,190,1,4,18,0,1,1,1,1781036822,False,False,2026-06-09 20:27:02
ecobici,ecobici_gbfs_station_status,2026-06-09T20:35:14Z,2026-06-09,20260609T203513Z,191,12,0,7,0,1,1,1,1781037027,False,False,2026-06-09 20:30:27
ecobici,ecobici_gbfs_station_status,2026-06-09T20:35:14Z,2026-06-09,20260609T203513Z,192,0,1,22,0,1,1,1,1781036876,False,False,2026-06-09 20:27:56
ecobici,ecobici_gbfs_station_status,2026-06-09T20:35:14Z,2026-06-09,20260609T203513Z,193,0,3,31,0,1,1,1,1781037244,False,False,2026-06-09 20:34:04
ecobici,ecobici_gbfs_station_status,2026-06-09T20:35:14Z,2026-06-09,20260609T203513Z,194,3,4,20,0,1,1,1,1781037287,False,False,2026-06-09 20:34:47
ecobici,ecobici_gbfs_station_status,2026-06-09T20:35:14Z,2026-06-09,20260609T203513Z,195,4,0,23,0,1,1,1,1781037109,False,False,2026-06-09 20:31:49
ecobici,ecobici_gbfs_station_status,2026-06-09T20:35:14Z,2026-06-09,20260609T203513Z,196,1,2,24,0,1,1,1,1781037266,False,False,2026-06-09 20:34:26
ecobici,ecobici_gbfs_station_status,2026-06-09T20:35:14Z,2026-06-09,20260609T203513Z,197,0,1,22,0,1,1,1,1781036996,False,False,2026-06-09 20:29:56
ecobici,ecobici_gbfs_station_status,2026-06-09T20:35:14Z,2026-06-09,20260609T203513Z,198,7,2,18,0,1,1,1,1781035886,False,False,2026-06-09 20:11:26
ecobici,ecobici_gbfs_station_status,2026-06-09T20:35:14Z,2026-06-09,20260609T203513Z,199,2,4,29,0,1,1,1,1781037227,False,False,2026-06-09 20:33:47
ecobici,ecobici_gbfs_station_status,2026-06-09T20:35:14Z,2026-06-09,20260609T203513Z,200,12,0,15,0,1,1,1,1781037140,False,False,2026-06-09 20:32:20
ecobici,ecobici_gbfs_station_status,2026-06-09T20:35:14Z,2026-06-09,20260609T203513Z,201,7,1,23,0,1,1,1,1781036818,False,False,2026-06-09 20:26:58
ecobici,ecobici_gbfs_station_status,2026-06-09T20:35:14Z,2026-06-09,20260609T203513Z,202,6,0,9,0,1,1,1,1781036707,False,False,2026-06-09 20:25:07
ecobici,ecobici_gbfs_station_status,2026-06-09T20:35:14Z,2026-06-09,20260609T203513Z,203,5,1,21,0,1,1,1,1781037163,False,False,2026-06-09 20:32:43
ecobici,ecobici_gbfs_station_status,2026-06-09T20:35:14Z,2026-06-09,20260609T203513Z,204,9,0,18,0,1,1,1,1781036571,False,False,2026-06-09 20:22:51
ecobici,ecobici_gbfs_station_status,2026-06-09T20:35:14Z,2026-06-09,20260609T203513Z,205,7,1,22,0,1,1,1,1781037288,False,False,2026-06-09 20:34:48
ecobici,ecobici_gbfs_station_status,2026-06-09T20:35:14Z,2026-06-09,20260609T203513Z,206,13,0,14,0,1,1,1,1781036566,False,False,2026-06-09 20:22:46
ecobici,ecobici_gbfs_station_status,2026-06-09T20:35:14Z,2026-06-09,20260609T203513Z,207,12,2,17,0,1,1,1,1781036834,False,False,2026-06-09 20:27:14
ecobici,ecobici_gbfs_station_status,2026-06-09T20:35:14Z,2026-06-09,20260609T203513Z,208,13,1,3,0,1,1,1,1781037064,False,False,2026-06-09 20:31:04
ecobici,ecobici_gbfs_station_status,2026-06-09T20:35:14Z,2026-06-09,20260609T203513Z,209,9,2,8,0,1,1,1,1781036334,False,False,2026-06-09 20:18:54
ecobici,ecobici_gbfs_station_status,2026-06-09T20:35:14Z,2026-06-09,20260609T203513Z,210,4,3,14,0,1,1,1,1781037305,False,False,2026-06-09 20:35:05
ecobici,ecobici_gbfs_station_status,2026-06-09T20:35:14Z,2026-06-09,20260609T203513Z,211,4,2,13,0,1,1,1,1781036576,False,False,2026-06-09 20:22:56
ecobici,ecobici_gbfs_station_status,2026-06-09T20:35:14Z,2026-06-09,20260609T203513Z,212,10,1,8,0,1,1,1,1781037125,False,False,2026-06-09 20:32:05
ecobici,ecobici_gbfs_station_status,2026-06-09T20:35:14Z,2026-06-09,20260609T203513Z,213,5,2,12,0,1,1,1,1781036963,False,False,2026-06-09 20:29:23
ecobici,ecobici_gbfs_station_status,2026-06-09T20:35:14Z,2026-06-09,20260609T203513Z,214,9,1,15,0,1,1,1,1781037153,False,False,2026-06-09 20:32:33
ecobici,ecobici_gbfs_station_status,2026-06-09T20:35:14Z,2026-06-09,20260609T203513Z,215,1,2,20,0,1,1,1,1781037007,False,False,2026-06-09 20:30:07
ecobici,ecobici_gbfs_station_status,2026-06-09T20:35:14Z,2026-06-09,20260609T203513Z,216,3,1,23,0,1,1,1,1781036569,False,False,2026-06-09 20:22:49
ecobici,ecobici_gbfs_station_status,2026-06-09T20:35:14Z,2026-06-09,20260609T203513Z,217,2,2,19,0,1,1,1,1781037018,False,False,2026-06-09 20:30:18
ecobici,ecobici_gbfs_station_status,2026-06-09T20:35:14Z,2026-06-09,20260609T203513Z,218,1,2,16,0,1,1,1,1781037269,False,False,2026-06-09 20:34:29
ecobici,ecobici_gbfs_station_status,2026-06-09T20:35:14Z,2026-06-09,20260609T203513Z,219,12,0,15,0,1,1,1,1781037296,False,False,2026-06-09 20:34:56
ecobici,ecobici_gbfs_station_status,2026-06-09T20:35:14Z,2026-06-09,20260609T203513Z,220,0,1,22,0,1,1,1,1781029799,False,False,2026-06-09 18:29:59
ecobici,ecobici_gbfs_station_status,2026-06-09T20:35:14Z,2026-06-09,20260609T203513Z,221,1,1,17,0,1,1,1,1781037296,False,False,2026-06-09 20:34:56
ecobici,ecobici_gbfs_station_status,2026-06-09T20:35:14Z,2026-06-09,20260609T203513Z,222,3,0,16,0,1,1,1,1781037272,False,False,2026-06-09 20:34:32
ecobici,ecobici_gbfs_station_status,2026-06-09T20:35:14Z,2026-06-09,20260609T203513Z,223,1,0,18,0,1,1,1,1781036901,False,False,2026-06-09 20:28:21
ecobici,ecobici_gbfs_station_status,2026-06-09T20:35:14Z,2026-06-09,20260609T203513Z,224,15,0,0,0,1,1,1,1781035899,False,False,2026-06-09 20:11:39
ecobici,ecobici_gbfs_station_status,2026-06-09T20:35:14Z,2026-06-09,20260609T203513Z,225,4,0,27,0,1,1,1,1781037202,False,False,2026-06-09 20:33:22
ecobici,ecobici_gbfs_station_status,2026-06-09T20:35:14Z,2026-06-09,20260609T203513Z,226,4,0,23,0,1,1,1,1781037089,False,False,2026-06-09 20:31:29
ecobici,ecobici_gbfs_station_status,2026-06-09T20:35:14Z,2026-06-09,20260609T203513Z,227,19,1,3,0,1,1,1,1781036987,False,False,2026-06-09 20:29:47
ecobici,ecobici_gbfs_station_status,2026-06-09T20:35:14Z,2026-06-09,20260609T203513Z,228,0,4,7,0,1,1,1,1781037200,False,False,2026-06-09 20:33:20
ecobici,ecobici_gbfs_station_status,2026-06-09T20:35:14Z,2026-06-09,20260609T203513Z,229,4,3,20,0,1,1,1,1781037214,False,False,2026-06-09 20:33:34
ecobici,ecobici_gbfs_station_status,2026-06-09T20:35:14Z,2026-06-09,20260609T203513Z,230,11,0,4,0,1,1,1,1781037083,False,False,2026-06-09 20:31:23
ecobici,ecobici_gbfs_station_status,2026-06-09T20:35:14Z,2026-06-09,20260609T203513Z,231,1,0,24,0,1,1,1,1781037118,False,False,2026-06-09 20:31:58
ecobici,ecobici_gbfs_station_status,2026-06-09T20:35:14Z,2026-06-09,20260609T203513Z,232,3,4,24,0,1,1,1,1781036785,False,False,2026-06-09 20:26:25
ecobici,ecobici_gbfs_station_status,2026-06-09T20:35:14Z,2026-06-09,20260609T203513Z,233,3,4,12,0,1,1,1,1781037109,False,False,2026-06-09 20:31:49
ecobici,ecobici_gbfs_station_status,2026-06-09T20:35:14Z,2026-06-09,20260609T203513Z,234,1,8,24,0,1,1,1,1781037303,False,False,2026-06-09 20:35:03
ecobici,ecobici_gbfs_station_status,2026-06-09T20:35:14Z,2026-06-09,20260609T203513Z,235,21,1,5,0,1,1,1,1781037277,False,False,2026-06-09 20:34:37
ecobici,ecobici_gbfs_station_status,2026-06-09T20:35:14Z,2026-06-09,20260609T203513Z,236,12,1,20,0,1,1,1,1781037197,False,False,2026-06-09 20:33:17
ecobici,ecobici_gbfs_station_status,2026-06-09T20:35:14Z,2026-06-09,20260609T203513Z,237,0,3,20,0,1,1,1,1781035379,False,False,2026-06-09 20:02:59
ecobici,ecobici_gbfs_station_status,2026-06-09T20:35:14Z,2026-06-09,20260609T203513Z,238,5,4,20,0,1,1,1,1781037271,False,False,2026-06-09 20:34:31
ecobici,ecobici_gbfs_station_status,2026-06-09T20:35:14Z,2026-06-09,20260609T203513Z,239,17,2,4,0,1,1,1,1781037294,False,False,2026-06-09 20:34:54
ecobici,ecobici_gbfs_station_status,2026-06-09T20:35:14Z,2026-06-09,20260609T203513Z,240,0,3,24,0,1,1,1,1781037024,False,False,2026-06-09 20:30:24
ecobici,ecobici_gbfs_station_status,2026-06-09T20:35:14Z,2026-06-09,20260609T203513Z,241,1,4,26,0,1,1,1,1781037036,False,False,2026-06-09 20:30:36
ecobici,ecobici_gbfs_station_status,2026-06-09T20:35:14Z,2026-06-09,20260609T203513Z,242,7,1,27,0,1,1,1,1781037194,False,False,2026-06-09 20:33:14
ecobici,ecobici_gbfs_station_status,2026-06-09T20:35:14Z,2026-06-09,20260609T203513Z,243,1,5,27,0,1,1,1,1781037277,False,False,2026-06-09 20:34:37
ecobici,ecobici_gbfs_station_status,2026-06-09T20:35:14Z,2026-06-09,20260609T203513Z,244,19,1,3,0,1,1,1,1781036839,False,False,2026-06-09 20:27:19
ecobici,ecobici_gbfs_station_status,2026-06-09T20:35:14Z,2026-06-09,20260609T203513Z,245,10,2,23,0,1,1,1,1781037272,False,False,2026-06-09 20:34:32
ecobici,ecobici_gbfs_station_status,2026-06-09T20:35:14Z,2026-06-09,20260609T203513Z,246,2,3,26,0,1,1,1,1781037277,False,False,2026-06-09 20:34:37
ecobici,ecobici_gbfs_station_status,2026-06-09T20:35:14Z,2026-06-09,20260609T203513Z,247,13,9,41,0,1,1,1,1781037305,False,False,2026-06-09 20:35:05
ecobici,ecobici_gbfs_station_status,2026-06-09T20:35:14Z,2026-06-09,20260609T203513Z,249,3,5,27,0,1,1,1,1781037020,False,False,2026-06-09 20:30:20
ecobici,ecobici_gbfs_station_status,2026-06-09T20:35:14Z,2026-06-09,20260609T203513Z,250,0,1,10,0,1,1,1,1781037235,False,False,2026-06-09 20:33:55
ecobici,ecobici_gbfs_station_status,2026-06-09T20:35:14Z,2026-06-09,20260609T203513Z,251,20,6,5,0,1,1,1,1781037207,False,False,2026-06-09 20:33:27
ecobici,ecobici_gbfs_station_status,2026-06-09T20:35:14Z,2026-06-09,20260609T203513Z,252,23,1,31,0,1,1,1,1781037273,False,False,2026-06-09 20:34:33
ecobici,ecobici_gbfs_station_status,2026-06-09T20:35:14Z,2026-06-09,20260609T203513Z,253,1,2,8,0,1,1,1,1781036739,False,False,2026-06-09 20:25:39
ecobici,ecobici_gbfs_station_status,2026-06-09T20:35:14Z,2026-06-09,20260609T203513Z,254,0,0,23,0,1,1,1,1781036898,False,False,2026-06-09 20:28:18
ecobici,ecobici_gbfs_station_status,2026-06-09T20:35:14Z,2026-06-09,20260609T203513Z,255,1,2,32,0,1,1,1,1781037249,False,False,2026-06-09 20:34:09
ecobici,ecobici_gbfs_station_status,2026-06-09T20:35:14Z,2026-06-09,20260609T203513Z,256,5,5,9,0,1,1,1,1781037213,False,False,2026-06-09 20:33:33
ecobici,ecobici_gbfs_station_status,2026-06-09T20:35:14Z,2026-06-09,20260609T203513Z,257,5,7,19,0,1,1,1,1781037076,False,False,2026-06-09 20:31:16
ecobici,ecobici_gbfs_station_status,2026-06-09T20:35:14Z,2026-06-09,20260609T203513Z,258,15,1,19,0,1,1,1,1781037194,False,False,2026-06-09 20:33:14
ecobici,ecobici_gbfs_station_status,2026-06-09T20:35:14Z,2026-06-09,20260609T203513Z,259,10,4,11,0,1,1,1,1781037273,False,False,2026-06-09 20:34:33
ecobici,ecobici_gbfs_station_status,2026-06-09T20:35:14Z,2026-06-09,20260609T203513Z,260,1,4,18,0,1,1,1,1781037123,False,False,2026-06-09 20:32:03
ecobici,ecobici_gbfs_station_status,2026-06-09T20:35:14Z,2026-06-09,20260609T203513Z,261,2,0,21,0,1,1,1,1781036841,False,False,2026-06-09 20:27:21
ecobici,ecobici_gbfs_station_status,2026-06-09T20:35:14Z,2026-06-09,20260609T203513Z,262,0,2,31,0,1,1,1,1781037108,False,False,2026-06-09 20:31:48
ecobici,ecobici_gbfs_station_status,2026-06-09T20:35:14Z,2026-06-09,20260609T203513Z,263,22,0,5,0,1,1,1,1781037267,False,False,2026-06-09 20:34:27
ecobici,ecobici_gbfs_station_status,2026-06-09T20:35:14Z,2026-06-09,20260609T203513Z,264,4,0,31,0,1,1,1,1781037120,False,False,2026-06-09 20:32:00
ecobici,ecobici_gbfs_station_status,2026-06-09T20:35:14Z,2026-06-09,20260609T203513Z,265,1,3,32,0,1,1,1,1781037282,False,False,2026-06-09 20:34:42
ecobici,ecobici_gbfs_station_status,2026-06-09T20:35:14Z,2026-06-09,20260609T203513Z,266,11,4,0,0,1,1,1,1781036851,False,False,2026-06-09 20:27:31
ecobici,ecobici_gbfs_station_status,2026-06-09T20:35:14Z,2026-06-09,20260609T203513Z,267,9,3,27,0,1,1,1,1781037278,False,False,2026-06-09 20:34:38
ecobici,ecobici_gbfs_station_status,2026-06-09T20:35:14Z,2026-06-09,20260609T203513Z,268,2,1,35,0,1,1,1,1781036895,False,False,2026-06-09 20:28:15
ecobici,ecobici_gbfs_station_status,2026-06-09T20:35:14Z,2026-06-09,20260609T203513Z,269,10,0,1,0,1,1,1,1781037246,False,False,2026-06-09 20:34:06
ecobici,ecobici_gbfs_station_status,2026-06-09T20:35:14Z,2026-06-09,20260609T203513Z,270,1,8,26,0,1,1,1,1781037144,False,False,2026-06-09 20:32:24
ecobici,ecobici_gbfs_station_status,2026-06-09T20:35:14Z,2026-06-09,20260609T203513Z,271,1,3,27,0,1,1,1,1781037110,False,False,2026-06-09 20:31:50
ecobici,ecobici_gbfs_station_status,2026-06-09T20:35:14Z,2026-06-09,20260609T203513Z,272,4,4,15,0,1,1,1,1781037241,False,False,2026-06-09 20:34:01
ecobici,ecobici_gbfs_station_status,2026-06-09T20:35:14Z,2026-06-09,20260609T203513Z,273,8,1,14,0,1,1,1,1781037230,False,False,2026-06-09 20:33:50
ecobici,ecobici_gbfs_station_status,2026-06-09T20:35:14Z,2026-06-09,20260609T203513Z,275,11,2,6,0,1,1,1,1781037177,False,False,2026-06-09 20:32:57
ecobici,ecobici_gbfs_station_status,2026-06-09T20:35:14Z,2026-06-09,20260609T203513Z,276,3,1,31,0,1,1,1,1781035428,False,False,2026-06-09 20:03:48
ecobici,ecobici_gbfs_station_status,2026-06-09T20:35:14Z,2026-06-09,20260609T203513Z,277,8,2,21,0,1,1,1,1781037213,False,False,2026-06-09 20:33:33
ecobici,ecobici_gbfs_station_status,2026-06-09T20:35:14Z,2026-06-09,20260609T203513Z,278,4,5,6,0,1,1,1,1781037181,False,False,2026-06-09 20:33:01
ecobici,ecobici_gbfs_station_status,2026-06-09T20:35:14Z,2026-06-09,20260609T203513Z,279,0,5,38,0,1,1,1,1781037251,False,False,2026-06-09 20:34:11
ecobici,ecobici_gbfs_station_status,2026-06-09T20:35:14Z,2026-06-09,20260609T203513Z,280,14,0,5,0,1,1,1,1781037278,False,False,2026-06-09 20:34:38
ecobici,ecobici_gbfs_station_status,2026-06-09T20:35:14Z,2026-06-09,20260609T203513Z,281,9,0,6,0,1,1,1,1781037243,False,False,2026-06-09 20:34:03
ecobici,ecobici_gbfs_station_status,2026-06-09T20:35:14Z,2026-06-09,20260609T203513Z,282,3,3,25,0,1,1,1,1781037286,False,False,2026-06-09 20:34:46
ecobici,ecobici_gbfs_station_status,2026-06-09T20:35:14Z,2026-06-09,20260609T203513Z,283,20,3,0,0,1,1,1,1781037000,False,False,2026-06-09 20:30:00
ecobici,ecobici_gbfs_station_status,2026-06-09T20:35:14Z,2026-06-09,20260609T203513Z,284,29,2,0,0,1,1,1,1781036899,False,False,2026-06-09 20:28:19
ecobici,ecobici_gbfs_station_status,2026-06-09T20:35:14Z,2026-06-09,20260609T203513Z,285,15,0,0,0,1,1,1,1781036740,False,False,2026-06-09 20:25:40
ecobici,ecobici_gbfs_station_status,2026-06-09T20:35:14Z,2026-06-09,20260609T203513Z,286,20,1,2,0,1,1,1,1781037234,False,False,2026-06-09 20:33:54
ecobici,ecobici_gbfs_station_status,2026-06-09T20:35:14Z,2026-06-09,20260609T203513Z,287,9,1,9,0,1,1,1,1781037167,False,False,2026-06-09 20:32:47
ecobici,ecobici_gbfs_station_status,2026-06-09T20:35:14Z,2026-06-09,20260609T203513Z,288,13,2,2,0,1,1,1,1781036583,False,False,2026-06-09 20:23:03
ecobici,ecobici_gbfs_station_status,2026-06-09T20:35:14Z,2026-06-09,20260609T203513Z,289,14,4,11,0,1,1,1,1781037082,False,False,2026-06-09 20:31:22
ecobici,ecobici_gbfs_station_status,2026-06-09T20:35:14Z,2026-06-09,20260609T203513Z,290,1,2,30,0,1,1,1,1781037167,False,False,2026-06-09 20:32:47
ecobici,ecobici_gbfs_station_status,2026-06-09T20:35:14Z,2026-06-09,20260609T203513Z,291,10,3,2,0,1,1,1,1781037309,False,False,2026-06-09 20:35:09
ecobici,ecobici_gbfs_station_status,2026-06-09T20:35:14Z,2026-06-09,20260609T203513Z,292,9,1,24,1,1,1,1,1781037266,False,False,2026-06-09 20:34:26
ecobici,ecobici_gbfs_station_status,2026-06-09T20:35:14Z,2026-06-09,20260609T203513Z,293,0,5,26,0,1,1,1,1781036791,False,False,2026-06-09 20:26:31
ecobici,ecobici_gbfs_station_status,2026-06-09T20:35:14Z,2026-06-09,20260609T203513Z,294,22,0,6,0,1,1,1,1781037264,False,False,2026-06-09 20:34:24
ecobici,ecobici_gbfs_station_status,2026-06-09T20:35:14Z,2026-06-09,20260609T203513Z,295,4,5,30,0,1,1,1,1781037182,False,False,2026-06-09 20:33:02
ecobici,ecobici_gbfs_station_status,2026-06-09T20:35:14Z,2026-06-09,20260609T203513Z,296,5,1,29,0,1,1,1,1781037056,False,False,2026-06-09 20:30:56
ecobici,ecobici_gbfs_station_status,2026-06-09T20:35:14Z,2026-06-09,20260609T203513Z,297,13,2,12,0,1,1,1,1781036769,False,False,2026-06-09 20:26:09
ecobici,ecobici_gbfs_station_status,2026-06-09T20:35:14Z,2026-06-09,20260609T203513Z,298,1,1,33,0,1,1,1,1781037141,False,False,2026-06-09 20:32:21
ecobici,ecobici_gbfs_station_status,2026-06-09T20:35:14Z,2026-06-09,20260609T203513Z,299,1,0,22,0,1,1,1,1781037085,False,False,2026-06-09 20:31:25
ecobici,ecobici_gbfs_station_status,2026-06-09T20:35:14Z,2026-06-09,20260609T203513Z,300,30,1,0,0,1,1,1,1781034272,False,False,2026-06-09 19:44:32
ecobici,ecobici_gbfs_station_status,2026-06-09T20:35:14Z,2026-06-09,20260609T203513Z,301,16,2,5,0,1,1,1,1781036944,False,False,2026-06-09 20:29:04
ecobici,ecobici_gbfs_station_status,2026-06-09T20:35:14Z,2026-06-09,20260609T203513Z,302,25,1,9,0,1,1,1,1781037188,False,False,2026-06-09 20:33:08
ecobici,ecobici_gbfs_station_status,2026-06-09T20:35:14Z,2026-06-09,20260609T203513Z,303,0,0,27,0,1,1,1,1781035830,False,False,2026-06-09 20:10:30
ecobici,ecobici_gbfs_station_status,2026-06-09T20:35:14Z,2026-06-09,20260609T203513Z,304,3,2,26,0,1,1,1,1781037292,False,False,2026-06-09 20:34:52
ecobici,ecobici_gbfs_station_status,2026-06-09T20:35:14Z,2026-06-09,20260609T203513Z,305,0,3,36,0,1,1,1,1781035332,False,False,2026-06-09 20:02:12
ecobici,ecobici_gbfs_station_status,2026-06-09T20:35:14Z,2026-06-09,20260609T203513Z,306,18,1,4,0,1,1,1,1781036550,False,False,2026-06-09 20:22:30
ecobici,ecobici_gbfs_station_status,2026-06-09T20:35:14Z,2026-06-09,20260609T203513Z,307,11,2,26,0,1,1,1,1781037266,False,False,2026-06-09 20:34:26
ecobici,ecobici_gbfs_station_status,2026-06-09T20:35:14Z,2026-06-09,20260609T203513Z,309,17,1,9,0,1,1,1,1781037218,False,False,2026-06-09 20:33:38
ecobici,ecobici_gbfs_station_status,2026-06-09T20:35:14Z,2026-06-09,20260609T203513Z,311,1,3,15,0,1,1,1,1781036818,False,False,2026-06-09 20:26:58
ecobici,ecobici_gbfs_station_status,2026-06-09T20:35:14Z,2026-06-09,20260609T203513Z,312,7,4,12,0,1,1,1,1781037213,False,False,2026-06-09 20:33:33
ecobici,ecobici_gbfs_station_status,2026-06-09T20:35:14Z,2026-06-09,20260609T203513Z,313,7,4,64,0,1,1,1,1781037222,False,False,2026-06-09 20:33:42
ecobici,ecobici_gbfs_station_status,2026-06-09T20:35:14Z,2026-06-09,20260609T203513Z,314,6,3,10,0,1,1,1,1781037229,False,False,2026-06-09 20:33:49
ecobici,ecobici_gbfs_station_status,2026-06-09T20:35:14Z,2026-06-09,20260609T203513Z,315,11,0,14,0,1,1,1,1781037305,False,False,2026-06-09 20:35:05
ecobici,ecobici_gbfs_station_status,2026-06-09T20:35:14Z,2026-06-09,20260609T203513Z,316,18,1,6,0,1,1,1,1781036972,False,False,2026-06-09 20:29:32
ecobici,ecobici_gbfs_station_status,2026-06-09T20:35:14Z,2026-06-09,20260609T203513Z,317,19,3,5,0,1,1,1,1781036885,False,False,2026-06-09 20:28:05
ecobici,ecobici_gbfs_station_status,2026-06-09T20:35:14Z,2026-06-09,20260609T203513Z,318,0,2,22,1,1,1,1,1781035574,False,False,2026-06-09 20:06:14
ecobici,ecobici_gbfs_station_status,2026-06-09T20:35:14Z,2026-06-09,20260609T203513Z,319,18,3,2,0,1,1,1,1781037064,False,False,2026-06-09 20:31:04
ecobici,ecobici_gbfs_station_status,2026-06-09T20:35:14Z,2026-06-09,20260609T203513Z,320,0,3,14,0,1,1,1,1781037151,False,False,2026-06-09 20:32:31
ecobici,ecobici_gbfs_station_status,2026-06-09T20:35:14Z,2026-06-09,20260609T203513Z,321,5,0,9,1,1,1,1,1781037153,False,False,2026-06-09 20:32:33
ecobici,ecobici_gbfs_station_status,2026-06-09T20:35:14Z,2026-06-09,20260609T203513Z,322,19,0,14,0,1,1,1,1781037045,False,False,2026-06-09 20:30:45
ecobici,ecobici_gbfs_station_status,2026-06-09T20:35:14Z,2026-06-09,20260609T203513Z,323,5,2,10,0,1,1,1,1781035874,False,False,2026-06-09 20:11:14
ecobici,ecobici_gbfs_station_status,2026-06-09T20:35:14Z,2026-06-09,20260609T203513Z,324,17,0,18,0,1,1,1,1781037110,False,False,2026-06-09 20:31:50
ecobici,ecobici_gbfs_station_status,2026-06-09T20:35:14Z,2026-06-09,20260609T203513Z,325,11,0,22,0,1,1,1,1781037304,False,False,2026-06-09 20:35:04
ecobici,ecobici_gbfs_station_status,2026-06-09T20:35:14Z,2026-06-09,20260609T203513Z,326,23,2,6,0,1,1,1,1781037303,False,False,2026-06-09 20:35:03
ecobici,ecobici_gbfs_station_status,2026-06-09T20:35:14Z,2026-06-09,20260609T203513Z,327,17,3,7,0,1,1,1,1781037076,False,False,2026-06-09 20:31:16
ecobici,ecobici_gbfs_station_status,2026-06-09T20:35:14Z,2026-06-09,20260609T203513Z,328,0,6,21,0,1,1,1,1781036932,False,False,2026-06-09 20:28:52
ecobici,ecobici_gbfs_station_status,2026-06-09T20:35:14Z,2026-06-09,20260609T203513Z,329,9,6,16,0,1,1,1,1781037300,False,False,2026-06-09 20:35:00
ecobici,ecobici_gbfs_station_status,2026-06-09T20:35:14Z,2026-06-09,20260609T203513Z,330,3,3,29,0,1,1,1,1781037117,False,False,2026-06-09 20:31:57
ecobici,ecobici_gbfs_station_status,2026-06-09T20:35:14Z,2026-06-09,20260609T203513Z,331,18,3,0,0,1,1,1,1781037211,False,False,2026-06-09 20:33:31
ecobici,ecobici_gbfs_station_status,2026-06-09T20:35:14Z,2026-06-09,20260609T203513Z,332,7,0,28,0,1,1,1,1781037291,False,False,2026-06-09 20:34:51
ecobici,ecobici_gbfs_station_status,2026-06-09T20:35:14Z,2026-06-09,20260609T203513Z,333,12,5,10,0,1,1,1,1781037130,False,False,2026-06-09 20:32:10
ecobici,ecobici_gbfs_station_status,2026-06-09T20:35:14Z,2026-06-09,20260609T203513Z,334,3,0,20,0,1,1,1,1781037279,False,False,2026-06-09 20:34:39
ecobici,ecobici_gbfs_station_status,2026-06-09T20:35:14Z,2026-06-09,20260609T203513Z,335,13,2,0,0,1,1,1,1781035785,False,False,2026-06-09 20:09:45
ecobici,ecobici_gbfs_station_status,2026-06-09T20:35:14Z,2026-06-09,20260609T203513Z,336,0,1,22,0,1,1,1,1781037289,False,False,2026-06-09 20:34:49
ecobici,ecobici_gbfs_station_status,2026-06-09T20:35:14Z,2026-06-09,20260609T203513Z,337,2,5,16,0,1,1,1,1781037206,False,False,2026-06-09 20:33:26
ecobici,ecobici_gbfs_station_status,2026-06-09T20:35:14Z,2026-06-09,20260609T203513Z,338,6,1,12,0,1,1,1,1781036515,False,False,2026-06-09 20:21:55
ecobici,ecobici_gbfs_station_status,2026-06-09T20:35:14Z,2026-06-09,20260609T203513Z,339,9,2,24,0,1,1,1,1781036981,False,False,2026-06-09 20:29:41
ecobici,ecobici_gbfs_station_status,2026-06-09T20:35:14Z,2026-06-09,20260609T203513Z,340,4,1,18,0,1,1,1,1781036977,False,False,2026-06-09 20:29:37
ecobici,ecobici_gbfs_station_status,2026-06-09T20:35:14Z,2026-06-09,20260609T203513Z,341,0,1,24,0,1,1,1,1781037114,False,False,2026-06-09 20:31:54
ecobici,ecobici_gbfs_station_status,2026-06-09T20:35:14Z,2026-06-09,20260609T203513Z,342,2,2,27,0,1,1,1,1781037264,False,False,2026-06-09 20:34:24
ecobici,ecobici_gbfs_station_status,2026-06-09T20:35:14Z,2026-06-09,20260609T203513Z,343,18,0,1,0,1,1,1,1781037270,False,False,2026-06-09 20:34:30
ecobici,ecobici_gbfs_station_status,2026-06-09T20:35:14Z,2026-06-09,20260609T203513Z,344,0,0,23,0,1,1,1,1781037149,False,False,2026-06-09 20:32:29
ecobici,ecobici_gbfs_station_status,2026-06-09T20:35:14Z,2026-06-09,20260609T203513Z,345,0,3,24,0,1,1,1,1781037030,False,False,2026-06-09 20:30:30
ecobici,ecobici_gbfs_station_status,2026-06-09T20:35:14Z,2026-06-09,20260609T203513Z,346,11,6,10,0,1,1,1,1781037302,False,False,2026-06-09 20:35:02
ecobici,ecobici_gbfs_station_status,2026-06-09T20:35:14Z,2026-06-09,20260609T203513Z,347,0,4,19,0,1,1,1,1781035813,False,False,2026-06-09 20:10:13
ecobici,ecobici_gbfs_station_status,2026-06-09T20:35:14Z,2026-06-09,20260609T203513Z,348,0,1,22,0,1,1,1,1781036647,False,False,2026-06-09 20:24:07
ecobici,ecobici_gbfs_station_status,2026-06-09T20:35:14Z,2026-06-09,20260609T203513Z,349,2,4,21,0,1,1,1,1781037166,False,False,2026-06-09 20:32:46
ecobici,ecobici_gbfs_station_status,2026-06-09T20:35:14Z,2026-06-09,20260609T203513Z,350,0,3,24,0,1,1,1,1781035835,False,False,2026-06-09 20:10:35
ecobici,ecobici_gbfs_station_status,2026-06-09T20:35:14Z,2026-06-09,20260609T203513Z,352,10,2,7,0,1,1,1,1781037249,False,False,2026-06-09 20:34:09
ecobici,ecobici_gbfs_station_status,2026-06-09T20:35:14Z,2026-06-09,20260609T203513Z,353,9,0,6,0,1,1,1,1781037279,False,False,2026-06-09 20:34:39
ecobici,ecobici_gbfs_station_status,2026-06-09T20:35:14Z,2026-06-09,20260609T203513Z,354,3,1,15,0,1,1,1,1781036940,False,False,2026-06-09 20:29:00
ecobici,ecobici_gbfs_station_status,2026-06-09T20:35:14Z,2026-06-09,20260609T203513Z,355,9,2,28,0,1,1,1,1781037059,False,False,2026-06-09 20:30:59
ecobici,ecobici_gbfs_station_status,2026-06-09T20:35:14Z,2026-06-09,20260609T203513Z,356,3,10,6,0,1,1,1,1781037306,False,False,2026-06-09 20:35:06
ecobici,ecobici_gbfs_station_status,2026-06-09T20:35:14Z,2026-06-09,20260609T203513Z,357,0,1,18,0,1,1,1,1781037258,False,False,2026-06-09 20:34:18
ecobici,ecobici_gbfs_station_status,2026-06-09T20:35:14Z,2026-06-09,20260609T203513Z,358,0,2,21,0,1,1,1,1781037134,False,False,2026-06-09 20:32:14
ecobici,ecobici_gbfs_station_status,2026-06-09T20:35:14Z,2026-06-09,20260609T203513Z,359,11,8,17,0,1,1,1,1781037280,False,False,2026-06-09 20:34:40
ecobici,ecobici_gbfs_station_status,2026-06-09T20:35:14Z,2026-06-09,20260609T203513Z,360,2,1,20,0,1,1,1,1781037093,False,False,2026-06-09 20:31:33
ecobici,ecobici_gbfs_station_status,2026-06-09T20:35:14Z,2026-06-09,20260609T203513Z,361,10,4,21,0,1,1,1,1781037147,False,False,2026-06-09 20:32:27
ecobici,ecobici_gbfs_station_status,2026-06-09T20:35:14Z,2026-06-09,20260609T203513Z,362,2,1,20,0,1,1,1,1781036837,False,False,2026-06-09 20:27:17
ecobici,ecobici_gbfs_station_status,2026-06-09T20:35:14Z,2026-06-09,20260609T203513Z,363,1,0,17,1,1,1,1,1781037217,False,False,2026-06-09 20:33:37
ecobici,ecobici_gbfs_station_status,2026-06-09T20:35:14Z,2026-06-09,20260609T203513Z,364,0,2,25,0,1,1,1,1781037193,False,False,2026-06-09 20:33:13
ecobici,ecobici_gbfs_station_status,2026-06-09T20:35:14Z,2026-06-09,20260609T203513Z,365,2,1,20,0,1,1,1,1781036707,False,False,2026-06-09 20:25:07
ecobici,ecobici_gbfs_station_status,2026-06-09T20:35:14Z,2026-06-09,20260609T203513Z,366,7,3,13,0,1,1,1,1781036948,False,False,2026-06-09 20:29:08
ecobici,ecobici_gbfs_station_status,2026-06-09T20:35:14Z,2026-06-09,20260609T203513Z,367,1,6,28,0,1,1,1,1781037146,False,False,2026-06-09 20:32:26
ecobici,ecobici_gbfs_station_status,2026-06-09T20:35:14Z,2026-06-09,20260609T203513Z,368,11,0,8,0,1,1,1,1781037139,False,False,2026-06-09 20:32:19
ecobici,ecobici_gbfs_station_status,2026-06-09T20:35:14Z,2026-06-09,20260609T203513Z,369,8,1,10,0,1,1,1,1781037285,False,False,2026-06-09 20:34:45
ecobici,ecobici_gbfs_station_status,2026-06-09T20:35:14Z,2026-06-09,20260609T203513Z,370,8,0,27,0,1,1,1,1781037045,False,False,2026-06-09 20:30:45
ecobici,ecobici_gbfs_station_status,2026-06-09T20:35:14Z,2026-06-09,20260609T203513Z,371,4,3,16,0,1,1,1,1781037121,False,False,2026-06-09 20:32:01
ecobici,ecobici_gbfs_station_status,2026-06-09T20:35:14Z,2026-06-09,20260609T203513Z,372,11,3,1,0,1,1,1,1781037132,False,False,2026-06-09 20:32:12
ecobici,ecobici_gbfs_station_status,2026-06-09T20:35:14Z,2026-06-09,20260609T203513Z,373,8,1,26,0,1,1,1,1781036466,False,False,2026-06-09 20:21:06
ecobici,ecobici_gbfs_station_status,2026-06-09T20:35:14Z,2026-06-09,20260609T203513Z,374,3,2,30,0,1,1,1,1781036975,False,False,2026-06-09 20:29:35
ecobici,ecobici_gbfs_station_status,2026-06-09T20:35:14Z,2026-06-09,20260609T203513Z,375,7,3,25,0,1,1,1,1781036176,False,False,2026-06-09 20:16:16
ecobici,ecobici_gbfs_station_status,2026-06-09T20:35:14Z,2026-06-09,20260609T203513Z,376,9,9,17,0,1,1,1,1781037226,False,False,2026-06-09 20:33:46
ecobici,ecobici_gbfs_station_status,2026-06-09T20:35:14Z,2026-06-09,20260609T203513Z,377,22,1,0,0,1,1,1,1781037253,False,False,2026-06-09 20:34:13
ecobici,ecobici_gbfs_station_status,2026-06-09T20:35:14Z,2026-06-09,20260609T203513Z,378,18,3,2,0,1,1,1,1781037112,False,False,2026-06-09 20:31:52
ecobici,ecobici_gbfs_station_status,2026-06-09T20:35:14Z,2026-06-09,20260609T203513Z,379,7,0,20,0,1,1,1,1781037175,False,False,2026-06-09 20:32:55
ecobici,ecobici_gbfs_station_status,2026-06-09T20:35:14Z,2026-06-09,20260609T203513Z,380,1,3,27,0,1,1,1,1781037065,False,False,2026-06-09 20:31:05
ecobici,ecobici_gbfs_station_status,2026-06-09T20:35:14Z,2026-06-09,20260609T203513Z,381,2,12,17,0,1,1,1,1781037213,False,False,2026-06-09 20:33:33
ecobici,ecobici_gbfs_station_status,2026-06-09T20:35:14Z,2026-06-09,20260609T203513Z,382,0,3,24,0,1,1,1,1781036808,False,False,2026-06-09 20:26:48
ecobici,ecobici_gbfs_station_status,2026-06-09T20:35:14Z,2026-06-09,20260609T203513Z,383,3,2,26,0,1,1,1,1781036958,False,False,2026-06-09 20:29:18
ecobici,ecobici_gbfs_station_status,2026-06-09T20:35:14Z,2026-06-09,20260609T203513Z,384,1,2,20,0,1,1,1,1781037277,False,False,2026-06-09 20:34:37
ecobici,ecobici_gbfs_station_status,2026-06-09T20:35:14Z,2026-06-09,20260609T203513Z,385,1,2,32,0,1,1,1,1781037259,False,False,2026-06-09 20:34:19
ecobici,ecobici_gbfs_station_status,2026-06-09T20:35:14Z,2026-06-09,20260609T203513Z,386,3,2,22,0,1,1,1,1781036817,False,False,2026-06-09 20:26:57
ecobici,ecobici_gbfs_station_status,2026-06-09T20:35:14Z,2026-06-09,20260609T203513Z,387,1,2,12,0,1,1,1,1781037305,False,False,2026-06-09 20:35:05
ecobici,ecobici_gbfs_station_status,2026-06-09T20:35:14Z,2026-06-09,20260609T203513Z,388,1,3,15,0,1,1,1,1781037043,False,False,2026-06-09 20:30:43
ecobici,ecobici_gbfs_station_status,2026-06-09T20:35:14Z,2026-06-09,20260609T203513Z,389,0,2,13,0,1,1,1,1781036744,False,False,2026-06-09 20:25:44
ecobici,ecobici_gbfs_station_status,2026-06-09T20:35:14Z,2026-06-09,20260609T203513Z,390,3,2,22,0,1,1,1,1781037117,False,False,2026-06-09 20:31:57
ecobici,ecobici_gbfs_station_status,2026-06-09T20:35:14Z,2026-06-09,20260609T203513Z,391,0,3,28,0,1,1,1,1781036871,False,False,2026-06-09 20:27:51
ecobici,ecobici_gbfs_station_status,2026-06-09T20:35:14Z,2026-06-09,20260609T203513Z,392,4,2,21,0,1,1,1,1781036944,False,False,2026-06-09 20:29:04
ecobici,ecobici_gbfs_station_status,2026-06-09T20:35:14Z,2026-06-09,20260609T203513Z,393,2,4,29,0,1,1,1,1781037058,False,False,2026-06-09 20:30:58
ecobici,ecobici_gbfs_station_status,2026-06-09T20:35:14Z,2026-06-09,20260609T203513Z,394,8,2,13,0,1,1,1,1781037236,False,False,2026-06-09 20:33:56
ecobici,ecobici_gbfs_station_status,2026-06-09T20:35:14Z,2026-06-09,20260609T203513Z,395,5,2,16,0,1,1,1,1781037264,False,False,2026-06-09 20:34:24
ecobici,ecobici_gbfs_station_status,2026-06-09T20:35:14Z,2026-06-09,20260609T203513Z,396,4,8,15,0,1,1,1,1781037119,False,False,2026-06-09 20:31:59
ecobici,ecobici_gbfs_station_status,2026-06-09T20:35:14Z,2026-06-09,20260609T203513Z,397,1,4,26,0,1,1,1,1781037156,False,False,2026-06-09 20:32:36
ecobici,ecobici_gbfs_station_status,2026-06-09T20:35:14Z,2026-06-09,20260609T203513Z,398,0,3,20,0,1,1,1,1781037049,False,False,2026-06-09 20:30:49
ecobici,ecobici_gbfs_station_status,2026-06-09T20:35:14Z,2026-06-09,20260609T203513Z,399,9,1,9,0,1,1,1,1781037028,False,False,2026-06-09 20:30:28
ecobici,ecobici_gbfs_station_status,2026-06-09T20:35:14Z,2026-06-09,20260609T203513Z,400,13,1,21,0,1,1,1,1781037039,False,False,2026-06-09 20:30:39
ecobici,ecobici_gbfs_station_status,2026-06-09T20:35:14Z,2026-06-09,20260609T203513Z,401,3,8,16,0,1,1,1,1781037230,False,False,2026-06-09 20:33:50
ecobici,ecobici_gbfs_station_status,2026-06-09T20:35:14Z,2026-06-09,20260609T203513Z,402,1,2,16,0,1,1,1,1781037293,False,False,2026-06-09 20:34:53
ecobici,ecobici_gbfs_station_status,2026-06-09T20:35:14Z,2026-06-09,20260609T203513Z,403,4,0,22,1,1,1,1,1781020363,False,False,2026-06-09 15:52:43
ecobici,ecobici_gbfs_station_status,2026-06-09T20:35:14Z,2026-06-09,20260609T203513Z,404,7,1,27,0,1,1,1,1781037081,False,False,2026-06-09 20:31:21
ecobici,ecobici_gbfs_station_status,2026-06-09T20:35:14Z,2026-06-09,20260609T203513Z,405,1,1,29,0,1,1,1,1781036956,False,False,2026-06-09 20:29:16
ecobici,ecobici_gbfs_station_status,2026-06-09T20:35:14Z,2026-06-09,20260609T203513Z,406,1,1,17,0,1,1,1,1781037037,False,False,2026-06-09 20:30:37
ecobici,ecobici_gbfs_station_status,2026-06-09T20:35:14Z,2026-06-09,20260609T203513Z,407,1,2,28,0,1,1,1,1781036985,False,False,2026-06-09 20:29:45
ecobici,ecobici_gbfs_station_status,2026-06-09T20:35:14Z,2026-06-09,20260609T203513Z,408,3,1,23,0,1,1,1,1781036894,False,False,2026-06-09 20:28:14
ecobici,ecobici_gbfs_station_status,2026-06-09T20:35:14Z,2026-06-09,20260609T203513Z,409,5,4,22,0,1,1,1,1781037305,False,False,2026-06-09 20:35:05
ecobici,ecobici_gbfs_station_status,2026-06-09T20:35:14Z,2026-06-09,20260609T203513Z,410,1,3,19,0,1,1,1,1781037178,False,False,2026-06-09 20:32:58
ecobici,ecobici_gbfs_station_status,2026-06-09T20:35:14Z,2026-06-09,20260609T203513Z,411,3,2,22,0,1,1,1,1781037269,False,False,2026-06-09 20:34:29
ecobici,ecobici_gbfs_station_status,2026-06-09T20:35:14Z,2026-06-09,20260609T203513Z,412,0,2,21,0,1,1,1,1781036195,False,False,2026-06-09 20:16:35
ecobici,ecobici_gbfs_station_status,2026-06-09T20:35:14Z,2026-06-09,20260609T203513Z,413,1,2,16,0,1,1,1,1781037170,False,False,2026-06-09 20:32:50
ecobici,ecobici_gbfs_station_status,2026-06-09T20:35:14Z,2026-06-09,20260609T203513Z,414,0,1,26,0,1,1,1,1781035261,False,False,2026-06-09 20:01:01
ecobici,ecobici_gbfs_station_status,2026-06-09T20:35:14Z,2026-06-09,20260609T203513Z,415,3,4,32,0,1,1,1,1781037284,False,False,2026-06-09 20:34:44
ecobici,ecobici_gbfs_station_status,2026-06-09T20:35:14Z,2026-06-09,20260609T203513Z,416,2,0,17,0,1,1,1,1781037308,False,False,2026-06-09 20:35:08
ecobici,ecobici_gbfs_station_status,2026-06-09T20:35:14Z,2026-06-09,20260609T203513Z,417,1,1,29,0,1,1,1,1781035791,False,False,2026-06-09 20:09:51
ecobici,ecobici_gbfs_station_status,2026-06-09T20:35:14Z,2026-06-09,20260609T203513Z,418,1,4,10,0,1,1,1,1781037310,False,False,2026-06-09 20:35:10
ecobici,ecobici_gbfs_station_status,2026-06-09T20:35:14Z,2026-06-09,20260609T203513Z,419,0,4,31,0,1,1,1,1781036437,False,False,2026-06-09 20:20:37
ecobici,ecobici_gbfs_station_status,2026-06-09T20:35:14Z,2026-06-09,20260609T203513Z,420,3,1,35,0,1,1,1,1781037274,False,False,2026-06-09 20:34:34
ecobici,ecobici_gbfs_station_status,2026-06-09T20:35:14Z,2026-06-09,20260609T203513Z,421,14,4,1,0,1,1,1,1781037118,False,False,2026-06-09 20:31:58
ecobici,ecobici_gbfs_station_status,2026-06-09T20:35:14Z,2026-06-09,20260609T203513Z,422,1,3,15,0,1,1,1,1781036899,False,False,2026-06-09 20:28:19
ecobici,ecobici_gbfs_station_status,2026-06-09T20:35:14Z,2026-06-09,20260609T203513Z,423,1,2,27,0,1,1,1,1781037149,False,False,2026-06-09 20:32:29
ecobici,ecobici_gbfs_station_status,2026-06-09T20:35:14Z,2026-06-09,20260609T203513Z,424,7,2,18,0,1,1,1,1781037045,False,False,2026-06-09 20:30:45
ecobici,ecobici_gbfs_station_status,2026-06-09T20:35:14Z,2026-06-09,20260609T203513Z,425,1,0,34,0,1,1,1,1781036547,False,False,2026-06-09 20:22:27
ecobici,ecobici_gbfs_station_status,2026-06-09T20:35:14Z,2026-06-09,20260609T203513Z,426,0,2,17,0,1,1,1,1781036904,False,False,2026-06-09 20:28:24
ecobici,ecobici_gbfs_station_status,2026-06-09T20:35:14Z,2026-06-09,20260609T203513Z,427,0,1,22,0,1,1,1,1781037191,False,False,2026-06-09 20:33:11
ecobici,ecobici_gbfs_station_status,2026-06-09T20:35:14Z,2026-06-09,20260609T203513Z,428,3,0,16,0,1,1,1,1781037144,False,False,2026-06-09 20:32:24
ecobici,ecobici_gbfs_station_status,2026-06-09T20:35:14Z,2026-06-09,20260609T203513Z,429,4,3,19,0,1,1,1,1781037086,False,False,2026-06-09 20:31:26
ecobici,ecobici_gbfs_station_status,2026-06-09T20:35:14Z,2026-06-09,20260609T203513Z,430,4,4,18,0,1,1,1,1781037294,False,False,2026-06-09 20:34:54
ecobici,ecobici_gbfs_station_status,2026-06-09T20:35:14Z,2026-06-09,20260609T203513Z,431,0,1,22,0,1,1,1,1781036270,False,False,2026-06-09 20:17:50
ecobici,ecobici_gbfs_station_status,2026-06-09T20:35:14Z,2026-06-09,20260609T203513Z,432,2,3,26,0,1,1,1,1781036411,False,False,2026-06-09 20:20:11
ecobici,ecobici_gbfs_station_status,2026-06-09T20:35:14Z,2026-06-09,20260609T203513Z,433,7,3,5,0,1,1,1,1781036768,False,False,2026-06-09 20:26:08
ecobici,ecobici_gbfs_station_status,2026-06-09T20:35:14Z,2026-06-09,20260609T203513Z,434,1,0,18,0,1,1,1,1781037309,False,False,2026-06-09 20:35:09
ecobici,ecobici_gbfs_station_status,2026-06-09T20:35:14Z,2026-06-09,20260609T203513Z,435,0,2,29,0,1,1,1,1781037205,False,False,2026-06-09 20:33:25
ecobici,ecobici_gbfs_station_status,2026-06-09T20:35:14Z,2026-06-09,20260609T203513Z,436,10,2,7,0,1,1,1,1781037277,False,False,2026-06-09 20:34:37
ecobici,ecobici_gbfs_station_status,2026-06-09T20:35:14Z,2026-06-09,20260609T203513Z,437,0,3,28,0,1,1,1,1781036541,False,False,2026-06-09 20:22:21
ecobici,ecobici_gbfs_station_status,2026-06-09T20:35:14Z,2026-06-09,20260609T203513Z,438,13,1,9,0,1,1,1,1781036672,False,False,2026-06-09 20:24:32
ecobici,ecobici_gbfs_station_status,2026-06-09T20:35:14Z,2026-06-09,20260609T203513Z,439,0,0,35,0,1,1,1,1781035914,False,False,2026-06-09 20:11:54
ecobici,ecobici_gbfs_station_status,2026-06-09T20:35:14Z,2026-06-09,20260609T203513Z,440,7,2,14,0,1,1,1,1781036894,False,False,2026-06-09 20:28:14
ecobici,ecobici_gbfs_station_status,2026-06-09T20:35:14Z,2026-06-09,20260609T203513Z,441,12,4,7,0,1,1,1,1781037198,False,False,2026-06-09 20:33:18
ecobici,ecobici_gbfs_station_status,2026-06-09T20:35:14Z,2026-06-09,20260609T203513Z,442,6,2,11,0,1,1,1,1781036519,False,False,2026-06-09 20:21:59
ecobici,ecobici_gbfs_station_status,2026-06-09T20:35:14Z,2026-06-09,20260609T203513Z,443,2,2,23,0,1,1,1,1781037061,False,False,2026-06-09 20:31:01
ecobici,ecobici_gbfs_station_status,2026-06-09T20:35:14Z,2026-06-09,20260609T203513Z,444,0,1,18,0,1,1,1,1781034212,False,False,2026-06-09 19:43:32
ecobici,ecobici_gbfs_station_status,2026-06-09T20:35:14Z,2026-06-09,20260609T203513Z,445,17,1,13,0,1,1,1,1781036813,False,False,2026-06-09 20:26:53
ecobici,ecobici_gbfs_station_status,2026-06-09T20:35:14Z,2026-06-09,20260609T203513Z,446,12,2,1,0,1,1,1,1781032309,False,False,2026-06-09 19:11:49
ecobici,ecobici_gbfs_station_status,2026-06-09T20:35:14Z,2026-06-09,20260609T203513Z,447,4,4,19,0,1,1,1,1781037293,False,False,2026-06-09 20:34:53
ecobici,ecobici_gbfs_station_status,2026-06-09T20:35:14Z,2026-06-09,20260609T203513Z,448,0,1,30,0,1,1,1,1781037014,False,False,2026-06-09 20:30:14
ecobici,ecobici_gbfs_station_status,2026-06-09T20:35:14Z,2026-06-09,20260609T203513Z,449,0,5,22,0,1,1,1,1781037062,False,False,2026-06-09 20:31:02
ecobici,ecobici_gbfs_station_status,2026-06-09T20:35:14Z,2026-06-09,20260609T203513Z,450,9,1,13,0,1,1,1,1781037308,False,False,2026-06-09 20:35:08
ecobici,ecobici_gbfs_station_status,2026-06-09T20:35:14Z,2026-06-09,20260609T203513Z,451,22,1,2,0,1,1,1,1781037119,False,False,2026-06-09 20:31:59
ecobici,ecobici_gbfs_station_status,2026-06-09T20:35:14Z,2026-06-09,20260609T203513Z,452,3,3,29,0,1,1,1,1781037281,False,False,2026-06-09 20:34:41
ecobici,ecobici_gbfs_station_status,2026-06-09T20:35:14Z,2026-06-09,20260609T203513Z,453,1,4,22,0,1,1,1,1781037126,False,False,2026-06-09 20:32:06
ecobici,ecobici_gbfs_station_status,2026-06-09T20:35:14Z,2026-06-09,20260609T203513Z,454,0,3,24,0,1,1,1,1781036902,False,False,2026-06-09 20:28:22
ecobici,ecobici_gbfs_station_status,2026-06-09T20:35:14Z,2026-06-09,20260609T203513Z,455,10,4,9,0,1,1,1,1781037198,False,False,2026-06-09 20:33:18
ecobici,ecobici_gbfs_station_status,2026-06-09T20:35:14Z,2026-06-09,20260609T203513Z,456,1,1,17,0,1,1,1,1781037142,False,False,2026-06-09 20:32:22
ecobici,ecobici_gbfs_station_status,2026-06-09T20:35:14Z,2026-06-09,20260609T203513Z,457,0,2,21,0,1,1,1,1781037104,False,False,2026-06-09 20:31:44
ecobici,ecobici_gbfs_station_status,2026-06-09T20:35:14Z,2026-06-09,20260609T203513Z,458,8,0,7,0,1,1,1,1781037268,False,False,2026-06-09 20:34:28
ecobici,ecobici_gbfs_station_status,2026-06-09T20:35:14Z,2026-06-09,20260609T203513Z,459,1,0,22,0,1,1,1,1781037091,False,False,2026-06-09 20:31:31
ecobici,ecobici_gbfs_station_status,2026-06-09T20:35:14Z,2026-06-09,20260609T203513Z,460,1,1,17,0,1,1,1,1781036669,False,False,2026-06-09 20:24:29
ecobici,ecobici_gbfs_station_status,2026-06-09T20:35:14Z,2026-06-09,20260609T203513Z,461,3,3,25,0,1,1,1,1781037275,False,False,2026-06-09 20:34:35
ecobici,ecobici_gbfs_station_status,2026-06-09T20:35:14Z,2026-06-09,20260609T203513Z,462,0,2,25,0,1,1,1,1781036174,False,False,2026-06-09 20:16:14
ecobici,ecobici_gbfs_station_status,2026-06-09T20:35:14Z,2026-06-09,20260609T203513Z,463,0,0,23,0,1,1,1,1781035724,False,False,2026-06-09 20:08:44
ecobici,ecobici_gbfs_station_status,2026-06-09T20:35:14Z,2026-06-09,20260609T203513Z,464,2,4,19,0,1,1,1,1781037224,False,False,2026-06-09 20:33:44
ecobici,ecobici_gbfs_station_status,2026-06-09T20:35:14Z,2026-06-09,20260609T203513Z,465,2,3,14,0,1,1,1,1781037230,False,False,2026-06-09 20:33:50
ecobici,ecobici_gbfs_station_status,2026-06-09T20:35:14Z,2026-06-09,20260609T203513Z,466,1,2,32,0,1,1,1,1781037046,False,False,2026-06-09 20:30:46
ecobici,ecobici_gbfs_station_status,2026-06-09T20:35:14Z,2026-06-09,20260609T203513Z,467,11,1,11,0,1,1,1,1781037285,False,False,2026-06-09 20:34:45
ecobici,ecobici_gbfs_station_status,2026-06-09T20:35:14Z,2026-06-09,20260609T203513Z,468,3,5,23,0,1,1,1,1781037245,False,False,2026-06-09 20:34:05
ecobici,ecobici_gbfs_station_status,2026-06-09T20:35:14Z,2026-06-09,20260609T203513Z,469,1,2,36,0,1,1,1,1781037055,False,False,2026-06-09 20:30:55
ecobici,ecobici_gbfs_station_status,2026-06-09T20:35:14Z,2026-06-09,20260609T203513Z,470,0,0,23,0,1,1,1,1781036201,False,False,2026-06-09 20:16:41
ecobici,ecobici_gbfs_station_status,2026-06-09T20:35:14Z,2026-06-09,20260609T203513Z,471,1,4,12,0,1,1,1,1781036885,False,False,2026-06-09 20:28:05
ecobici,ecobici_gbfs_station_status,2026-06-09T20:35:14Z,2026-06-09,20260609T203513Z,472,3,2,16,0,1,1,1,1781037045,False,False,2026-06-09 20:30:45
ecobici,ecobici_gbfs_station_status,2026-06-09T20:35:14Z,2026-06-09,20260609T203513Z,473,8,8,19,0,1,1,1,1781037000,False,False,2026-06-09 20:30:00
ecobici,ecobici_gbfs_station_status,2026-06-09T20:35:14Z,2026-06-09,20260609T203513Z,474,2,2,15,0,1,1,1,1781036978,False,False,2026-06-09 20:29:38
ecobici,ecobici_gbfs_station_status,2026-06-09T20:35:14Z,2026-06-09,20260609T203513Z,475,0,4,31,0,1,1,1,1781035401,False,False,2026-06-09 20:03:21
ecobici,ecobici_gbfs_station_status,2026-06-09T20:35:14Z,2026-06-09,20260609T203513Z,476,1,1,25,0,1,1,1,1781036746,False,False,2026-06-09 20:25:46
ecobici,ecobici_gbfs_station_status,2026-06-09T20:35:14Z,2026-06-09,20260609T203513Z,477,5,3,29,0,1,1,1,1781037064,False,False,2026-06-09 20:31:04
ecobici,ecobici_gbfs_station_status,2026-06-09T20:35:14Z,2026-06-09,20260609T203513Z,478,0,0,23,0,1,1,1,1781037018,False,False,2026-06-09 20:30:18
ecobici,ecobici_gbfs_station_status,2026-06-09T20:35:14Z,2026-06-09,20260609T203513Z,479,0,0,51,0,1,1,1,1781033025,False,False,2026-06-09 19:23:45
ecobici,ecobici_gbfs_station_status,2026-06-09T20:35:14Z,2026-06-09,20260609T203513Z,480,0,0,35,0,1,1,1,1781035914,False,False,2026-06-09 20:11:54
ecobici,ecobici_gbfs_station_status,2026-06-09T20:35:14Z,2026-06-09,20260609T203513Z,481,1,2,16,0,1,1,1,1781036911,False,False,2026-06-09 20:28:31
ecobici,ecobici_gbfs_station_status,2026-06-09T20:35:14Z,2026-06-09,20260609T203513Z,482,2,1,24,0,1,1,1,1781036958,False,False,2026-06-09 20:29:18
ecobici,ecobici_gbfs_station_status,2026-06-09T20:35:14Z,2026-06-09,20260609T203513Z,483,7,1,23,0,1,1,1,1781037289,False,False,2026-06-09 20:34:49
ecobici,ecobici_gbfs_station_status,2026-06-09T20:35:14Z,2026-06-09,20260609T203513Z,484,4,2,33,0,1,1,1,1781036660,False,False,2026-06-09 20:24:20
ecobici,ecobici_gbfs_station_status,2026-06-09T20:35:14Z,2026-06-09,20260609T203513Z,485,5,1,13,0,1,1,1,1781036443,False,False,2026-06-09 20:20:43
ecobici,ecobici_gbfs_station_status,2026-06-09T20:35:14Z,2026-06-09,20260609T203513Z,486,1,0,26,0,1,1,1,1781037300,False,False,2026-06-09 20:35:00
ecobici,ecobici_gbfs_station_status,2026-06-09T20:35:14Z,2026-06-09,20260609T203513Z,487,0,2,21,0,1,1,1,1781037301,False,False,2026-06-09 20:35:01
ecobici,ecobici_gbfs_station_status,2026-06-09T20:35:14Z,2026-06-09,20260609T203513Z,488,0,2,25,0,1,1,1,1781036867,False,False,2026-06-09 20:27:47
ecobici,ecobici_gbfs_station_status,2026-06-09T20:35:14Z,2026-06-09,20260609T203513Z,489,3,3,17,0,1,1,1,1781037050,False,False,2026-06-09 20:30:50
ecobici,ecobici_gbfs_station_status,2026-06-09T20:35:14Z,2026-06-09,20260609T203513Z,490,7,4,20,0,1,1,1,1781037093,False,False,2026-06-09 20:31:33
ecobici,ecobici_gbfs_station_status,2026-06-09T20:35:14Z,2026-06-09,20260609T203513Z,491,1,1,21,0,1,1,1,1781037009,False,False,2026-06-09 20:30:09
ecobici,ecobici_gbfs_station_status,2026-06-09T20:35:14Z,2026-06-09,20260609T203513Z,492,2,0,29,0,1,1,1,1781037233,False,False,2026-06-09 20:33:53
ecobici,ecobici_gbfs_station_status,2026-06-09T20:35:14Z,2026-06-09,20260609T203513Z,493,1,1,25,0,1,1,1,1781037196,False,False,2026-06-09 20:33:16
ecobici,ecobici_gbfs_station_status,2026-06-09T20:35:14Z,2026-06-09,20260609T203513Z,494,0,0,23,0,1,1,1,1781035794,False,False,2026-06-09 20:09:54
ecobici,ecobici_gbfs_station_status,2026-06-09T20:35:14Z,2026-06-09,20260609T203513Z,495,11,5,7,0,1,1,1,1781036007,False,False,2026-06-09 20:13:27
ecobici,ecobici_gbfs_station_status,2026-06-09T20:35:14Z,2026-06-09,20260609T203513Z,496,4,0,31,0,1,1,1,1781037158,False,False,2026-06-09 20:32:38
ecobici,ecobici_gbfs_station_status,2026-06-09T20:35:14Z,2026-06-09,20260609T203513Z,497,14,1,19,1,1,1,1,1781036959,False,False,2026-06-09 20:29:19
ecobici,ecobici_gbfs_station_status,2026-06-09T20:35:14Z,2026-06-09,20260609T203513Z,498,9,0,14,0,1,1,1,1781036306,False,False,2026-06-09 20:18:26
ecobici,ecobici_gbfs_station_status,2026-06-09T20:35:14Z,2026-06-09,20260609T203513Z,499,15,8,0,0,1,1,1,1781035898,False,False,2026-06-09 20:11:38
ecobici,ecobici_gbfs_station_status,2026-06-09T20:35:14Z,2026-06-09,20260609T203513Z,500,14,1,8,0,1,1,1,1781037109,False,False,2026-06-09 20:31:49
ecobici,ecobici_gbfs_station_status,2026-06-09T20:35:14Z,2026-06-09,20260609T203513Z,501,9,1,21,0,1,1,1,1781036606,False,False,2026-06-09 20:23:26
ecobici,ecobici_gbfs_station_status,2026-06-09T20:35:14Z,2026-06-09,20260609T203513Z,502,15,7,5,0,1,1,1,1781036839,False,False,2026-06-09 20:27:19
ecobici,ecobici_gbfs_station_status,2026-06-09T20:35:14Z,2026-06-09,20260609T203513Z,503,1,5,33,0,1,1,1,1781036545,False,False,2026-06-09 20:22:25
ecobici,ecobici_gbfs_station_status,2026-06-09T20:35:14Z,2026-06-09,20260609T203513Z,504,0,6,21,0,1,1,1,1781037297,False,False,2026-06-09 20:34:57
ecobici,ecobici_gbfs_station_status,2026-06-09T20:35:14Z,2026-06-09,20260609T203513Z,505,1,1,21,0,1,1,1,1781029729,False,False,2026-06-09 18:28:49
ecobici,ecobici_gbfs_station_status,2026-06-09T20:35:14Z,2026-06-09,20260609T203513Z,506,6,2,31,0,1,1,1,1781036798,False,False,2026-06-09 20:26:38
ecobici,ecobici_gbfs_station_status,2026-06-09T20:35:14Z,2026-06-09,20260609T203513Z,507,0,5,22,0,1,1,1,1781036466,False,False,2026-06-09 20:21:06
ecobici,ecobici_gbfs_station_status,2026-06-09T20:35:14Z,2026-06-09,20260609T203513Z,508,2,3,26,0,1,1,1,1781036645,False,False,2026-06-09 20:24:05
ecobici,ecobici_gbfs_station_status,2026-06-09T20:35:14Z,2026-06-09,20260609T203513Z,509,4,6,21,0,1,1,1,1781037299,False,False,2026-06-09 20:34:59
ecobici,ecobici_gbfs_station_status,2026-06-09T20:35:14Z,2026-06-09,20260609T203513Z,510,17,3,3,0,1,1,1,1781037137,False,False,2026-06-09 20:32:17
ecobici,ecobici_gbfs_station_status,2026-06-09T20:35:14Z,2026-06-09,20260609T203513Z,511,1,4,26,0,1,1,1,1781037204,False,False,2026-06-09 20:33:24
ecobici,ecobici_gbfs_station_status,2026-06-09T20:35:14Z,2026-06-09,20260609T203513Z,512,6,6,7,0,1,1,1,1781037234,False,False,2026-06-09 20:33:54
ecobici,ecobici_gbfs_station_status,2026-06-09T20:35:14Z,2026-06-09,20260609T203513Z,513,3,1,29,0,1,1,1,1781037303,False,False,2026-06-09 20:35:03
ecobici,ecobici_gbfs_station_status,2026-06-09T20:35:14Z,2026-06-09,20260609T203513Z,514,1,0,26,0,1,1,1,1781036410,False,False,2026-06-09 20:20:10
ecobici,ecobici_gbfs_station_status,2026-06-09T20:35:14Z,2026-06-09,20260609T203513Z,515,1,6,24,0,1,1,1,1781037136,False,False,2026-06-09 20:32:16
ecobici,ecobici_gbfs_station_status,2026-06-09T20:35:14Z,2026-06-09,20260609T203513Z,516,2,7,26,0,1,1,1,1781037044,False,False,2026-06-09 20:30:44
ecobici,ecobici_gbfs_station_status,2026-06-09T20:35:14Z,2026-06-09,20260609T203513Z,517,6,1,20,0,1,1,1,1781036035,False,False,2026-06-09 20:13:55
ecobici,ecobici_gbfs_station_status,2026-06-09T20:35:14Z,2026-06-09,20260609T203513Z,518,1,1,21,0,1,1,1,1781037232,False,False,2026-06-09 20:33:52
ecobici,ecobici_gbfs_station_status,2026-06-09T20:35:14Z,2026-06-09,20260609T203513Z,519,8,1,14,0,1,1,1,1781037001,False,False,2026-06-09 20:30:01
ecobici,ecobici_gbfs_station_status,2026-06-09T20:35:14Z,2026-06-09,20260609T203513Z,520,0,3,20,0,1,1,1,1781036659,False,False,2026-06-09 20:24:19
ecobici,ecobici_gbfs_station_status,2026-06-09T20:35:14Z,2026-06-09,20260609T203513Z,521,3,1,19,0,1,1,1,1781037142,False,False,2026-06-09 20:32:22
ecobici,ecobici_gbfs_station_status,2026-06-09T20:35:14Z,2026-06-09,20260609T203513Z,522,2,1,16,0,1,1,1,1781036631,False,False,2026-06-09 20:23:51
ecobici,ecobici_gbfs_station_status,2026-06-09T20:35:14Z,2026-06-09,20260609T203513Z,523,0,1,22,0,1,1,1,1781035630,False,False,2026-06-09 20:07:10
ecobici,ecobici_gbfs_station_status,2026-06-09T20:35:14Z,2026-06-09,20260609T203513Z,524,3,2,26,0,1,1,1,1781037032,False,False,2026-06-09 20:30:32
ecobici,ecobici_gbfs_station_status,2026-06-09T20:35:14Z,2026-06-09,20260609T203513Z,525,0,3,32,0,1,1,1,1781036149,False,False,2026-06-09 20:15:49
ecobici,ecobici_gbfs_station_status,2026-06-09T20:35:14Z,2026-06-09,20260609T203513Z,526,14,3,14,0,1,1,1,1781037241,False,False,2026-06-09 20:34:01
ecobici,ecobici_gbfs_station_status,2026-06-09T20:35:14Z,2026-06-09,20260609T203513Z,527,1,1,29,0,1,1,1,1781037289,False,False,2026-06-09 20:34:49
ecobici,ecobici_gbfs_station_status,2026-06-09T20:35:14Z,2026-06-09,20260609T203513Z,528,1,1,29,0,1,1,1,1781036083,False,False,2026-06-09 20:14:43
ecobici,ecobici_gbfs_station_status,2026-06-09T20:35:14Z,2026-06-09,20260609T203513Z,529,1,4,30,0,1,1,1,1781037225,False,False,2026-06-09 20:33:45
ecobici,ecobici_gbfs_station_status,2026-06-09T20:35:14Z,2026-06-09,20260609T203513Z,530,1,0,22,0,1,1,1,1781036842,False,False,2026-06-09 20:27:22
ecobici,ecobici_gbfs_station_status,2026-06-09T20:35:14Z,2026-06-09,20260609T203513Z,531,1,2,24,0,1,1,1,1781036881,False,False,2026-06-09 20:28:01
ecobici,ecobici_gbfs_station_status,2026-06-09T20:35:14Z,2026-06-09,20260609T203513Z,532,0,1,22,0,1,1,1,1781035219,False,False,2026-06-09 20:00:19
ecobici,ecobici_gbfs_station_status,2026-06-09T20:35:14Z,2026-06-09,20260609T203513Z,533,1,3,27,0,1,1,1,1781036913,False,False,2026-06-09 20:28:33
ecobici,ecobici_gbfs_station_status,2026-06-09T20:35:14Z,2026-06-09,20260609T203513Z,534,2,0,25,0,1,1,1,1781037160,False,False,2026-06-09 20:32:40
ecobici,ecobici_gbfs_station_status,2026-06-09T20:35:14Z,2026-06-09,20260609T203513Z,535,4,5,14,0,1,1,1,1781037103,False,False,2026-06-09 20:31:43
ecobici,ecobici_gbfs_station_status,2026-06-09T20:35:14Z,2026-06-09,20260609T203513Z,536,1,3,19,0,1,1,1,1781037299,False,False,2026-06-09 20:34:59
ecobici,ecobici_gbfs_station_status,2026-06-09T20:35:14Z,2026-06-09,20260609T203513Z,537,4,2,21,0,1,1,1,1781037162,False,False,2026-06-09 20:32:42
ecobici,ecobici_gbfs_station_status,2026-06-09T20:35:14Z,2026-06-09,20260609T203513Z,538,1,3,18,0,1,1,1,1781037245,False,False,2026-06-09 20:34:05
ecobici,ecobici_gbfs_station_status,2026-06-09T20:35:14Z,2026-06-09,20260609T203513Z,539,2,3,18,0,1,1,1,1781037066,False,False,2026-06-09 20:31:06
ecobici,ecobici_gbfs_station_status,2026-06-09T20:35:14Z,2026-06-09,20260609T203513Z,540,4,3,20,0,1,1,1,1781037253,False,False,2026-06-09 20:34:13
ecobici,ecobici_gbfs_station_status,2026-06-09T20:35:14Z,2026-06-09,20260609T203513Z,541,0,1,22,0,1,1,1,1781036335,False,False,2026-06-09 20:18:55
ecobici,ecobici_gbfs_station_status,2026-06-09T20:35:14Z,2026-06-09,20260609T203513Z,542,5,1,17,0,1,1,1,1781037159,False,False,2026-06-09 20:32:39
ecobici,ecobici_gbfs_station_status,2026-06-09T20:35:14Z,2026-06-09,20260609T203513Z,543,5,2,16,0,1,1,1,1781036935,False,False,2026-06-09 20:28:55
ecobici,ecobici_gbfs_station_status,2026-06-09T20:35:14Z,2026-06-09,20260609T203513Z,544,5,0,18,0,1,1,1,1781037035,False,False,2026-06-09 20:30:35
ecobici,ecobici_gbfs_station_status,2026-06-09T20:35:14Z,2026-06-09,20260609T203513Z,545,2,1,24,0,1,1,1,1781037113,False,False,2026-06-09 20:31:53
ecobici,ecobici_gbfs_station_status,2026-06-09T20:35:14Z,2026-06-09,20260609T203513Z,546,1,1,21,0,1,1,1,1781036036,False,False,2026-06-09 20:13:56
ecobici,ecobici_gbfs_station_status,2026-06-09T20:35:14Z,2026-06-09,20260609T203513Z,547,9,3,15,0,1,1,1,1781037219,False,False,2026-06-09 20:33:39
ecobici,ecobici_gbfs_station_status,2026-06-09T20:35:14Z,2026-06-09,20260609T203513Z,548,17,5,1,0,1,1,1,1781037178,False,False,2026-06-09 20:32:58
ecobici,ecobici_gbfs_station_status,2026-06-09T20:35:14Z,2026-06-09,20260609T203513Z,549,0,4,19,0,1,1,1,1781036890,False,False,2026-06-09 20:28:10
ecobici,ecobici_gbfs_station_status,2026-06-09T20:35:14Z,2026-06-09,20260609T203513Z,550,7,0,20,0,1,1,1,1781036724,False,False,2026-06-09 20:25:24
ecobici,ecobici_gbfs_station_status,2026-06-09T20:35:14Z,2026-06-09,20260609T203513Z,551,4,4,31,0,1,1,1,1781037304,False,False,2026-06-09 20:35:04
ecobici,ecobici_gbfs_station_status,2026-06-09T20:35:14Z,2026-06-09,20260609T203513Z,552,12,1,14,0,1,1,1,1781037104,False,False,2026-06-09 20:31:44
ecobici,ecobici_gbfs_station_status,2026-06-09T20:35:14Z,2026-06-09,20260609T203513Z,553,2,1,20,0,1,1,1,1781036449,False,False,2026-06-09 20:20:49
ecobici,ecobici_gbfs_station_status,2026-06-09T20:35:14Z,2026-06-09,20260609T203513Z,554,0,3,28,0,1,1,1,1781037050,False,False,2026-06-09 20:30:50
ecobici,ecobici_gbfs_station_status,2026-06-09T20:35:14Z,2026-06-09,20260609T203513Z,555,1,2,32,0,1,1,1,1781037237,False,False,2026-06-09 20:33:57
ecobici,ecobici_gbfs_station_status,2026-06-09T20:35:14Z,2026-06-09,20260609T203513Z,556,6,4,17,0,1,1,1,1781037017,False,False,2026-06-09 20:30:17
ecobici,ecobici_gbfs_station_status,2026-06-09T20:35:14Z,2026-06-09,20260609T203513Z,557,0,0,23,0,1,1,1,1781035614,False,False,2026-06-09 20:06:54
ecobici,ecobici_gbfs_station_status,2026-06-09T20:35:14Z,2026-06-09,20260609T203513Z,558,15,2,16,0,1,1,1,1781036970,False,False,2026-06-09 20:29:30
ecobici,ecobici_gbfs_station_status,2026-06-09T20:35:14Z,2026-06-09,20260609T203513Z,559,1,0,26,0,1,1,1,1781037011,False,False,2026-06-09 20:30:11
ecobici,ecobici_gbfs_station_status,2026-06-09T20:35:14Z,2026-06-09,20260609T203513Z,560,0,2,25,0,1,1,1,1781036070,False,False,2026-06-09 20:14:30
ecobici,ecobici_gbfs_station_status,2026-06-09T20:35:14Z,2026-06-09,20260609T203513Z,561,6,0,13,0,1,1,1,1781037160,False,False,2026-06-09 20:32:40
ecobici,ecobici_gbfs_station_status,2026-06-09T20:35:14Z,2026-06-09,20260609T203513Z,562,0,2,25,0,1,1,1,1781036813,False,False,2026-06-09 20:26:53
ecobici,ecobici_gbfs_station_status,2026-06-09T20:35:14Z,2026-06-09,20260609T203513Z,563,0,3,24,0,1,1,1,1781036443,False,False,2026-06-09 20:20:43
ecobici,ecobici_gbfs_station_status,2026-06-09T20:35:14Z,2026-06-09,20260609T203513Z,564,18,3,14,0,1,1,1,1781036966,False,False,2026-06-09 20:29:26
ecobici,ecobici_gbfs_station_status,2026-06-09T20:35:14Z,2026-06-09,20260609T203513Z,565,1,1,25,0,1,1,1,1781037094,False,False,2026-06-09 20:31:34
ecobici,ecobici_gbfs_station_status,2026-06-09T20:35:14Z,2026-06-09,20260609T203513Z,566,6,4,21,0,1,1,1,1781037120,False,False,2026-06-09 20:32:00
ecobici,ecobici_gbfs_station_status,2026-06-09T20:35:14Z,2026-06-09,20260609T203513Z,567,0,2,17,0,1,1,1,1781036591,False,False,2026-06-09 20:23:11
ecobici,ecobici_gbfs_station_status,2026-06-09T20:35:14Z,2026-06-09,20260609T203513Z,568,4,5,20,0,1,1,1,1781037176,False,False,2026-06-09 20:32:56
ecobici,ecobici_gbfs_station_status,2026-06-09T20:35:14Z,2026-06-09,20260609T203513Z,569,1,5,25,0,1,1,1,1781037306,False,False,2026-06-09 20:35:06
ecobici,ecobici_gbfs_station_status,2026-06-09T20:35:14Z,2026-06-09,20260609T203513Z,570,7,4,16,0,1,1,1,1781035374,False,False,2026-06-09 20:02:54
ecobici,ecobici_gbfs_station_status,2026-06-09T20:35:14Z,2026-06-09,20260609T203513Z,571,0,5,22,0,1,1,1,1781036596,False,False,2026-06-09 20:23:16
ecobici,ecobici_gbfs_station_status,2026-06-09T20:35:14Z,2026-06-09,20260609T203513Z,572,0,0,27,0,1,1,1,1781037018,False,False,2026-06-09 20:30:18
ecobici,ecobici_gbfs_station_status,2026-06-09T20:35:14Z,2026-06-09,20260609T203513Z,573,0,1,22,0,1,1,1,1781036038,False,False,2026-06-09 20:13:58
ecobici,ecobici_gbfs_station_status,2026-06-09T20:35:14Z,2026-06-09,20260609T203513Z,574,1,3,19,0,1,1,1,1781037283,False,False,2026-06-09 20:34:43
ecobici,ecobici_gbfs_station_status,2026-06-09T20:35:14Z,2026-06-09,20260609T203513Z,575,2,1,20,0,1,1,1,1781036928,False,False,2026-06-09 20:28:48
ecobici,ecobici_gbfs_station_status,2026-06-09T20:35:14Z,2026-06-09,20260609T203513Z,576,3,6,30,0,1,1,1,1781037219,False,False,2026-06-09 20:33:39
ecobici,ecobici_gbfs_station_status,2026-06-09T20:35:14Z,2026-06-09,20260609T203513Z,577,15,1,3,0,1,1,1,1781036808,False,False,2026-06-09 20:26:48
ecobici,ecobici_gbfs_station_status,2026-06-09T20:35:14Z,2026-06-09,20260609T203513Z,578,0,1,34,0,1,1,1,1781035321,False,False,2026-06-09 20:02:01
ecobici,ecobici_gbfs_station_status,2026-06-09T20:35:14Z,2026-06-09,20260609T203513Z,579,13,0,18,0,1,1,1,1781036995,False,False,2026-06-09 20:29:55
ecobici,ecobici_gbfs_station_status,2026-06-09T20:35:14Z,2026-06-09,20260609T203513Z,580,2,1,28,0,1,1,1,1781037170,False,False,2026-06-09 20:32:50
ecobici,ecobici_gbfs_station_status,2026-06-09T20:35:14Z,2026-06-09,20260609T203513Z,581,1,4,22,0,1,1,1,1781036509,False,False,2026-06-09 20:21:49
ecobici,ecobici_gbfs_station_status,2026-06-09T20:35:14Z,2026-06-09,20260609T203513Z,582,1,2,20,0,1,1,1,1781037031,False,False,2026-06-09 20:30:31
ecobici,ecobici_gbfs_station_status,2026-06-09T20:35:14Z,2026-06-09,20260609T203513Z,583,1,2,24,0,1,1,1,1781037149,False,False,2026-06-09 20:32:29
ecobici,ecobici_gbfs_station_status,2026-06-09T20:35:14Z,2026-06-09,20260609T203513Z,584,2,0,21,0,1,1,1,1781036226,False,False,2026-06-09 20:17:06
ecobici,ecobici_gbfs_station_status,2026-06-09T20:35:14Z,2026-06-09,20260609T203513Z,585,14,9,8,0,1,1,1,1781036594,False,False,2026-06-09 20:23:14
ecobici,ecobici_gbfs_station_status,2026-06-09T20:35:14Z,2026-06-09,20260609T203513Z,586,9,1,21,0,1,1,1,1781036190,False,False,2026-06-09 20:16:30
ecobici,ecobici_gbfs_station_status,2026-06-09T20:35:14Z,2026-06-09,20260609T203513Z,587,0,0,23,0,1,1,1,1781035323,False,False,2026-06-09 20:02:03
ecobici,ecobici_gbfs_station_status,2026-06-09T20:35:14Z,2026-06-09,20260609T203513Z,588,0,1,22,0,1,1,1,1781035161,False,False,2026-06-09 19:59:21
ecobici,ecobici_gbfs_station_status,2026-06-09T20:35:14Z,2026-06-09,20260609T203513Z,589,0,1,18,0,1,1,1,1781036957,False,False,2026-06-09 20:29:17
ecobici,ecobici_gbfs_station_status,2026-06-09T20:35:14Z,2026-06-09,20260609T203513Z,590,1,5,21,0,1,1,1,1781037260,False,False,2026-06-09 20:34:20
ecobici,ecobici_gbfs_station_status,2026-06-09T20:35:14Z,2026-06-09,20260609T203513Z,591,0,1,26,0,1,1,1,1781036775,False,False,2026-06-09 20:26:15
ecobici,ecobici_gbfs_station_status,2026-06-09T20:35:14Z,2026-06-09,20260609T203513Z,592,3,0,20,0,1,1,1,1781036884,False,False,2026-06-09 20:28:04
ecobici,ecobici_gbfs_station_status,2026-06-09T20:35:14Z,2026-06-09,20260609T203513Z,593,0,0,31,0,1,1,1,1781033147,False,False,2026-06-09 19:25:47
ecobici,ecobici_gbfs_station_status,2026-06-09T20:35:14Z,2026-06-09,20260609T203513Z,594,2,2,23,0,1,1,1,1781037288,False,False,2026-06-09 20:34:48
ecobici,ecobici_gbfs_station_status,2026-06-09T20:35:14Z,2026-06-09,20260609T203513Z,595,4,1,18,0,1,1,1,1781037284,False,False,2026-06-09 20:34:44
ecobici,ecobici_gbfs_station_status,2026-06-09T20:35:14Z,2026-06-09,20260609T203513Z,596,0,3,20,0,1,1,1,1781035139,False,False,2026-06-09 19:58:59
ecobici,ecobici_gbfs_station_status,2026-06-09T20:35:14Z,2026-06-09,20260609T203513Z,597,11,2,14,0,1,1,1,1781034632,False,False,2026-06-09 19:50:32
ecobici,ecobici_gbfs_station_status,2026-06-09T20:35:14Z,2026-06-09,20260609T203513Z,598,0,0,23,0,1,1,1,1781036846,False,False,2026-06-09 20:27:26
ecobici,ecobici_gbfs_station_status,2026-06-09T20:35:14Z,2026-06-09,20260609T203513Z,599,1,4,18,0,1,1,1,1781035257,False,False,2026-06-09 20:00:57
ecobici,ecobici_gbfs_station_status,2026-06-09T20:35:14Z,2026-06-09,20260609T203513Z,600,8,3,16,0,1,1,1,1781036514,False,False,2026-06-09 20:21:54
ecobici,ecobici_gbfs_station_status,2026-06-09T20:35:14Z,2026-06-09,20260609T203513Z,601,1,0,26,0,1,1,1,1781036171,False,False,2026-06-09 20:16:11
ecobici,ecobici_gbfs_station_status,2026-06-09T20:35:14Z,2026-06-09,20260609T203513Z,602,2,1,28,0,1,1,1,1781037147,False,False,2026-06-09 20:32:27
ecobici,ecobici_gbfs_station_status,2026-06-09T20:35:14Z,2026-06-09,20260609T203513Z,603,5,1,21,0,1,1,1,1781037307,False,False,2026-06-09 20:35:07
ecobici,ecobici_gbfs_station_status,2026-06-09T20:35:14Z,2026-06-09,20260609T203513Z,604,1,2,16,0,1,1,1,1781036915,False,False,2026-06-09 20:28:35
ecobici,ecobici_gbfs_station_status,2026-06-09T20:35:14Z,2026-06-09,20260609T203513Z,605,1,1,25,0,1,1,1,1781036904,False,False,2026-06-09 20:28:24
ecobici,ecobici_gbfs_station_status,2026-06-09T20:35:14Z,2026-06-09,20260609T203513Z,606,0,2,21,0,1,1,1,1781037307,False,False,2026-06-09 20:35:07
ecobici,ecobici_gbfs_station_status,2026-06-09T20:35:14Z,2026-06-09,20260609T203513Z,607,0,4,11,0,1,1,1,1781036696,False,False,2026-06-09 20:24:56
ecobici,ecobici_gbfs_station_status,2026-06-09T20:35:14Z,2026-06-09,20260609T203513Z,608,3,2,26,0,1,1,1,1781036786,False,False,2026-06-09 20:26:26
ecobici,ecobici_gbfs_station_status,2026-06-09T20:35:14Z,2026-06-09,20260609T203513Z,609,6,3,18,0,1,1,1,1781037241,False,False,2026-06-09 20:34:01
ecobici,ecobici_gbfs_station_status,2026-06-09T20:35:14Z,2026-06-09,20260609T203513Z,610,1,0,18,0,1,1,1,1781036923,False,False,2026-06-09 20:28:43
ecobici,ecobici_gbfs_station_status,2026-06-09T20:35:14Z,2026-06-09,20260609T203513Z,611,0,3,20,0,1,1,1,1781036952,False,False,2026-06-09 20:29:12
ecobici,ecobici_gbfs_station_status,2026-06-09T20:35:14Z,2026-06-09,20260609T203513Z,612,0,1,18,0,1,0,0,1779862516,False,False,2026-05-27 06:15:16
ecobici,ecobici_gbfs_station_status,2026-06-09T20:35:14Z,2026-06-09,20260609T203513Z,613,2,7,14,0,1,1,1,1781037302,False,False,2026-06-09 20:35:02
ecobici,ecobici_gbfs_station_status,2026-06-09T20:35:14Z,2026-06-09,20260609T203513Z,614,16,3,4,0,1,1,1,1781036422,False,False,2026-06-09 20:20:22
ecobici,ecobici_gbfs_station_status,2026-06-09T20:35:14Z,2026-06-09,20260609T203513Z,615,0,4,15,0,1,1,1,1781035975,False,False,2026-06-09 20:12:55
ecobici,ecobici_gbfs_station_status,2026-06-09T20:35:14Z,2026-06-09,20260609T203513Z,616,1,0,22,0,1,1,1,1781036554,False,False,2026-06-09 20:22:34
ecobici,ecobici_gbfs_station_status,2026-06-09T20:35:14Z,2026-06-09,20260609T203513Z,617,20,0,5,0,1,1,1,1781037141,False,False,2026-06-09 20:32:21
ecobici,ecobici_gbfs_station_status,2026-06-09T20:35:14Z,2026-06-09,20260609T203513Z,618,8,0,23,0,1,1,1,1781034238,False,False,2026-06-09 19:43:58
ecobici,ecobici_gbfs_station_status,2026-06-09T20:35:14Z,2026-06-09,20260609T203513Z,619,1,1,21,0,1,1,1,1781037017,False,False,2026-06-09 20:30:17
ecobici,ecobici_gbfs_station_status,2026-06-09T20:35:14Z,2026-06-09,20260609T203513Z,620,5,1,21,0,1,1,1,1781036495,False,False,2026-06-09 20:21:35
ecobici,ecobici_gbfs_station_status,2026-06-09T20:35:14Z,2026-06-09,20260609T203513Z,621,2,3,18,0,1,1,1,1781037108,False,False,2026-06-09 20:31:48
ecobici,ecobici_gbfs_station_status,2026-06-09T20:35:14Z,2026-06-09,20260609T203513Z,622,1,2,20,0,1,1,1,1781037039,False,False,2026-06-09 20:30:39
ecobici,ecobici_gbfs_station_status,2026-06-09T20:35:14Z,2026-06-09,20260609T203513Z,623,3,3,25,0,1,1,1,1781037222,False,False,2026-06-09 20:33:42
ecobici,ecobici_gbfs_station_status,2026-06-09T20:35:14Z,2026-06-09,20260609T203513Z,624,9,1,17,0,1,1,1,1781037071,False,False,2026-06-09 20:31:11
ecobici,ecobici_gbfs_station_status,2026-06-09T20:35:14Z,2026-06-09,20260609T203513Z,625,0,5,26,0,1,1,1,1781037099,False,False,2026-06-09 20:31:39
ecobici,ecobici_gbfs_station_status,2026-06-09T20:35:14Z,2026-06-09,20260609T203513Z,626,8,5,10,0,1,1,1,1781037113,False,False,2026-06-09 20:31:53
ecobici,ecobici_gbfs_station_status,2026-06-09T20:35:14Z,2026-06-09,20260609T203513Z,627,0,0,0,0,1,0,0,86400,False,False,1970-01-02 00:00:00
ecobici,ecobici_gbfs_station_status,2026-06-09T20:35:14Z,2026-06-09,20260609T203513Z,628,1,1,29,0,1,1,1,1781037025,False,False,2026-06-09 20:30:25
ecobici,ecobici_gbfs_station_status,2026-06-09T20:35:14Z,2026-06-09,20260609T203513Z,629,4,3,19,0,1,1,1,1781037268,False,False,2026-06-09 20:34:28
ecobici,ecobici_gbfs_station_status,2026-06-09T20:35:14Z,2026-06-09,20260609T203513Z,630,1,0,26,0,1,1,1,1781037278,False,False,2026-06-09 20:34:38
ecobici,ecobici_gbfs_station_status,2026-06-09T20:35:14Z,2026-06-09,20260609T203513Z,631,5,0,22,0,1,1,1,1781035096,False,False,2026-06-09 19:58:16
ecobici,ecobici_gbfs_station_status,2026-06-09T20:35:14Z,2026-06-09,20260609T203513Z,632,0,1,26,0,1,1,1,1781036981,False,False,2026-06-09 20:29:41
ecobici,ecobici_gbfs_station_status,2026-06-09T20:35:14Z,2026-06-09,20260609T203513Z,633,2,1,28,0,1,1,1,1781036966,False,False,2026-06-09 20:29:26
ecobici,ecobici_gbfs_station_status,2026-06-09T20:35:14Z,2026-06-09,20260609T203513Z,634,3,1,32,0,1,1,1,1781036413,False,False,2026-06-09 20:20:13
ecobici,ecobici_gbfs_station_status,2026-06-09T20:35:14Z,2026-06-09,20260609T203513Z,635,3,3,29,0,1,1,1,1781037252,False,False,2026-06-09 20:34:12
ecobici,ecobici_gbfs_station_status,2026-06-09T20:35:14Z,2026-06-09,20260609T203513Z,636,0,1,18,0,1,1,1,1781036064,False,False,2026-06-09 20:14:24
ecobici,ecobici_gbfs_station_status,2026-06-09T20:35:14Z,2026-06-09,20260609T203513Z,637,1,3,23,0,1,1,1,1781034696,False,False,2026-06-09 19:51:36
ecobici,ecobici_gbfs_station_status,2026-06-09T20:35:14Z,2026-06-09,20260609T203513Z,638,0,2,25,0,1,1,1,1781037278,False,False,2026-06-09 20:34:38
ecobici,ecobici_gbfs_station_status,2026-06-09T20:35:14Z,2026-06-09,20260609T203513Z,639,4,1,10,0,1,1,1,1781037031,False,False,2026-06-09 20:30:31
ecobici,ecobici_gbfs_station_status,2026-06-09T20:35:14Z,2026-06-09,20260609T203513Z,640,4,0,19,0,1,1,1,1781037126,False,False,2026-06-09 20:32:06
ecobici,ecobici_gbfs_station_status,2026-06-09T20:35:14Z,2026-06-09,20260609T203513Z,641,2,1,24,0,1,1,1,1781037097,False,False,2026-06-09 20:31:37
ecobici,ecobici_gbfs_station_status,2026-06-09T20:35:14Z,2026-06-09,20260609T203513Z,642,2,1,20,0,1,1,1,1781037232,False,False,2026-06-09 20:33:52
ecobici,ecobici_gbfs_station_status,2026-06-09T20:35:14Z,2026-06-09,20260609T203513Z,643,3,3,45,0,1,1,1,1781037017,False,False,2026-06-09 20:30:17
ecobici,ecobici_gbfs_station_status,2026-06-09T20:35:14Z,2026-06-09,20260609T203513Z,644,11,1,3,0,1,1,1,1781036659,False,False,2026-06-09 20:24:19
ecobici,ecobici_gbfs_station_status,2026-06-09T20:35:14Z,2026-06-09,20260609T203513Z,645,2,1,28,0,1,1,1,1781036720,False,False,2026-06-09 20:25:20
ecobici,ecobici_gbfs_station_status,2026-06-09T20:35:14Z,2026-06-09,20260609T203513Z,646,3,1,19,0,1,1,1,1781037262,False,False,2026-06-09 20:34:22
ecobici,ecobici_gbfs_station_status,2026-06-09T20:35:14Z,2026-06-09,20260609T203513Z,647,0,1,26,0,1,1,1,1781036715,False,False,2026-06-09 20:25:15
ecobici,ecobici_gbfs_station_status,2026-06-09T20:35:14Z,2026-06-09,20260609T203513Z,648,7,2,6,0,1,1,1,1781036638,False,False,2026-06-09 20:23:58
ecobici,ecobici_gbfs_station_status,2026-06-09T20:35:14Z,2026-06-09,20260609T203513Z,649,3,2,18,0,1,1,1,1781036967,False,False,2026-06-09 20:29:27
ecobici,ecobici_gbfs_station_status,2026-06-09T20:35:14Z,2026-06-09,20260609T203513Z,650,6,4,17,0,1,1,1,1781036975,False,False,2026-06-09 20:29:35
ecobici,ecobici_gbfs_station_status,2026-06-09T20:35:14Z,2026-06-09,20260609T203513Z,651,2,1,24,0,1,1,1,1781037020,False,False,2026-06-09 20:30:20
ecobici,ecobici_gbfs_station_status,2026-06-09T20:35:14Z,2026-06-09,20260609T203513Z,652,3,0,24,0,1,1,1,1781037203,False,False,2026-06-09 20:33:23
ecobici,ecobici_gbfs_station_status,2026-06-09T20:35:14Z,2026-06-09,20260609T203513Z,653,2,3,22,0,1,1,1,1781037159,False,False,2026-06-09 20:32:39
ecobici,ecobici_gbfs_station_status,2026-06-09T20:35:14Z,2026-06-09,20260609T203513Z,654,0,7,12,0,1,1,1,1781037137,False,False,2026-06-09 20:32:17
ecobici,ecobici_gbfs_station_status,2026-06-09T20:35:14Z,2026-06-09,20260609T203513Z,655,4,2,21,0,1,1,1,1781037302,False,False,2026-06-09 20:35:02
ecobici,ecobici_gbfs_station_status,2026-06-09T20:35:14Z,2026-06-09,20260609T203513Z,656,17,1,21,0,1,1,1,1781036944,False,False,2026-06-09 20:29:04
ecobici,ecobici_gbfs_station_status,2026-06-09T20:35:14Z,2026-06-09,20260609T203513Z,657,18,3,10,0,1,1,1,1781037229,False,False,2026-06-09 20:33:49
ecobici,ecobici_gbfs_station_status,2026-06-09T20:35:14Z,2026-06-09,20260609T203513Z,658,5,4,18,0,1,1,1,1781037263,False,False,2026-06-09 20:34:23
ecobici,ecobici_gbfs_station_status,2026-06-09T20:35:14Z,2026-06-09,20260609T203513Z,659,1,3,29,0,1,1,1,1781036956,False,False,2026-06-09 20:29:16
ecobici,ecobici_gbfs_station_status,2026-06-09T20:35:14Z,2026-06-09,20260609T203513Z,660,0,3,24,0,1,1,1,1781035156,False,False,2026-06-09 19:59:16
ecobici,ecobici_gbfs_station_status,2026-06-09T20:35:14Z,2026-06-09,20260609T203513Z,662,10,1,12,0,1,1,1,1781037231,False,False,2026-06-09 20:33:51
ecobici,ecobici_gbfs_station_status,2026-06-09T20:35:14Z,2026-06-09,20260609T203513Z,663,3,0,20,0,1,1,1,1781037207,False,False,2026-06-09 20:33:27
ecobici,ecobici_gbfs_station_status,2026-06-09T20:35:14Z,2026-06-09,20260609T203513Z,664,1,0,26,0,1,1,1,1781037238,False,False,2026-06-09 20:33:58
ecobici,ecobici_gbfs_station_status,2026-06-09T20:35:14Z,2026-06-09,20260609T203513Z,665,3,2,22,0,1,1,1,1781037293,False,False,2026-06-09 20:34:53
ecobici,ecobici_gbfs_station_status,2026-06-09T20:35:14Z,2026-06-09,20260609T203513Z,666,13,0,6,0,1,1,1,1781037310,False,False,2026-06-09 20:35:10
ecobici,ecobici_gbfs_station_status,2026-06-09T20:35:14Z,2026-06-09,20260609T203513Z,667,0,1,30,0,1,1,1,1781036190,False,False,2026-06-09 20:16:30
ecobici,ecobici_gbfs_station_status,2026-06-09T20:35:14Z,2026-06-09,20260609T203513Z,668,0,1,29,1,1,1,1,1781035589,False,False,2026-06-09 20:06:29
ecobici,ecobici_gbfs_station_status,2026-06-09T20:35:14Z,2026-06-09,20260609T203513Z,669,4,0,23,0,1,1,1,1781036533,False,False,2026-06-09 20:22:13
ecobici,ecobici_gbfs_station_status,2026-06-09T20:35:14Z,2026-06-09,20260609T203513Z,670,5,2,12,0,1,1,1,1781037203,False,False,2026-06-09 20:33:23
ecobici,ecobici_gbfs_station_status,2026-06-09T20:35:14Z,2026-06-09,20260609T203513Z,671,0,0,27,0,1,1,1,1781036229,False,False,2026-06-09 20:17:09
ecobici,ecobici_gbfs_station_status,2026-06-09T20:35:14Z,2026-06-09,20260609T203513Z,672,4,0,15,0,1,1,1,1781037153,False,False,2026-06-09 20:32:33
ecobici,ecobici_gbfs_station_status,2026-06-09T20:35:14Z,2026-06-09,20260609T203513Z,673,1,4,14,0,1,1,1,1781036981,False,False,2026-06-09 20:29:41
ecobici,ecobici_gbfs_station_status,2026-06-09T20:35:14Z,2026-06-09,20260609T203513Z,674,0,1,18,0,1,1,1,1781034877,False,False,2026-06-09 19:54:37
ecobici,ecobici_gbfs_station_status,2026-06-09T20:35:14Z,2026-06-09,20260609T203513Z,678,3,1,17,0,1,1,1,1781036786,False,False,2026-06-09 20:26:26
ecobici,ecobici_gbfs_station_status,2026-06-09T20:35:14Z,2026-06-09,20260609T203513Z,681,0,1,22,0,1,1,1,1781037157,False,False,2026-06-09 20:32:37
ecobici,ecobici_gbfs_station_status,2026-06-09T20:35:14Z,2026-06-09,20260609T203513Z,682,2,0,21,0,1,1,1,1781036919,False,False,2026-06-09 20:28:39
ecobici,ecobici_gbfs_station_status,2026-06-09T20:35:14Z,2026-06-09,20260609T203513Z,683,1,2,24,0,1,1,1,1781036331,False,False,2026-06-09 20:18:51
ecobici,ecobici_gbfs_station_status,2026-06-09T20:35:14Z,2026-06-09,20260609T203513Z,684,1,0,18,0,1,1,1,1781036927,False,False,2026-06-09 20:28:47
ecobici,ecobici_gbfs_station_status,2026-06-09T20:35:14Z,2026-06-09,20260609T203513Z,685,0,0,27,0,1,1,1,1781036846,False,False,2026-06-09 20:27:26
ecobici,ecobici_gbfs_station_status,2026-06-09T20:35:14Z,2026-06-09,20260609T203513Z,686,5,2,28,0,1,1,1,1781036798,False,False,2026-06-09 20:26:38
ecobici,ecobici_gbfs_station_status,2026-06-09T20:35:14Z,2026-06-09,20260609T203513Z,694,1,1,17,0,1,1,1,1781037053,False,False,2026-06-09 20:30:53
ecobici,ecobici_gbfs_station_status,2026-06-09T20:35:14Z,2026-06-09,20260609T203513Z,695,1,0,34,0,1,1,1,1781037159,False,False,2026-06-09 20:32:39
ecobici,ecobici_gbfs_station_status,2026-06-09T20:35:14Z,2026-06-09,20260609T203513Z,697,0,2,25,0,1,1,1,1781037014,False,False,2026-06-09 20:30:14
ecobici,ecobici_gbfs_station_status,2026-06-09T20:35:14Z,2026-06-09,20260609T203513Z,698,2,2,19,0,1,1,1,1781036544,False,False,2026-06-09 20:22:24
ecobici,ecobici_gbfs_station_status,2026-06-09T20:35:14Z,2026-06-09,20260609T203513Z,699,1,0,18,0,1,1,1,1781037201,False,False,2026-06-09 20:33:21
ecobici,ecobici_gbfs_station_status,2026-06-09T20:35:14Z,2026-06-09,20260609T203513Z,700,26,2,11,0,1,1,1,1781036186,False,False,2026-06-09 20:16:26
ecobici,ecobici_gbfs_station_status,2026-06-09T20:35:14Z,2026-06-09,20260609T203513Z,702,0,1,22,0,1,1,1,1781034289,False,False,2026-06-09 19:44:49
