_source_system,_source_table,_extracted_at_utc,_snapshot_date,_snapshot_id,station_id,num_bikes_available,num_bikes_disabled,num_docks_available,num_docks_disabled,is_installed,is_renting,is_returning,last_reported,eightd_has_available_keys,is_charging,last_reported_datetime
ecobici,ecobici_gbfs_station_status,2026-09-04T19:07:47Z,2026-09-04,20260904T190746Z,1,15,0,24,0,1,1,1,1788548796,False,False,2026-09-04 19:06:36
ecobici,ecobici_gbfs_station_status,2026-09-04T19:07:47Z,2026-09-04,20260904T190746Z,5,0,0,19,0,1,1,1,1788546555,False,False,2026-09-04 18:29:15
ecobici,ecobici_gbfs_station_status,2026-09-04T19:07:47Z,2026-09-04,20260904T190746Z,6,1,0,26,0,1,1,1,1788548315,False,False,2026-09-04 18:58:35
ecobici,ecobici_gbfs_station_status,2026-09-04T19:07:47Z,2026-09-04,20260904T190746Z,7,1,1,21,0,1,1,1,1788547028,False,False,2026-09-04 18:37:08
ecobici,ecobici_gbfs_station_status,2026-09-04T19:07:47Z,2026-09-04,20260904T190746Z,8,0,0,31,0,1,1,1,1788542599,False,False,2026-09-04 17:23:19
ecobici,ecobici_gbfs_station_status,2026-09-04T19:07:47Z,2026-09-04,20260904T190746Z,9,1,0,22,0,1,1,1,1788546798,False,False,2026-09-04 18:33:18
ecobici,ecobici_gbfs_station_status,2026-09-04T19:07:47Z,2026-09-04,20260904T190746Z,10,5,0,18,0,1,1,1,1788547647,False,False,2026-09-04 18:47:27
ecobici,ecobici_gbfs_station_status,2026-09-04T19:07:47Z,2026-09-04,20260904T190746Z,11,7,1,19,0,1,1,1,1788546297,False,False,2026-09-04 18:24:57
ecobici,ecobici_gbfs_station_status,2026-09-04T19:07:47Z,2026-09-04,20260904T190746Z,12,4,1,22,0,1,1,1,1788547912,False,False,2026-09-04 18:51:52
ecobici,ecobici_gbfs_station_status,2026-09-04T19:07:47Z,2026-09-04,20260904T190746Z,14,28,1,6,0,1,1,1,1788548588,False,False,2026-09-04 19:03:08
ecobici,ecobici_gbfs_station_status,2026-09-04T19:07:47Z,2026-09-04,20260904T190746Z,15,8,0,15,0,1,1,1,1788548604,False,False,2026-09-04 19:03:24
ecobici,ecobici_gbfs_station_status,2026-09-04T19:07:47Z,2026-09-04,20260904T190746Z,16,5,1,21,0,1,1,1,1788548586,False,False,2026-09-04 19:03:06
ecobici,ecobici_gbfs_station_status,2026-09-04T19:07:47Z,2026-09-04,20260904T190746Z,17,1,0,22,0,1,1,1,1788546191,False,False,2026-09-04 18:23:11
ecobici,ecobici_gbfs_station_status,2026-09-04T19:07:47Z,2026-09-04,20260904T190746Z,18,3,0,32,0,1,1,1,1788548060,False,False,2026-09-04 18:54:20
ecobici,ecobici_gbfs_station_status,2026-09-04T19:07:47Z,2026-09-04,20260904T190746Z,19,2,0,17,0,1,1,1,1788548791,False,False,2026-09-04 19:06:31
ecobici,ecobici_gbfs_station_status,2026-09-04T19:07:47Z,2026-09-04,20260904T190746Z,20,6,0,28,0,1,1,1,1788548589,False,False,2026-09-04 19:03:09
ecobici,ecobici_gbfs_station_status,2026-09-04T19:07:47Z,2026-09-04,20260904T190746Z,21,3,0,20,0,1,1,1,1788548752,False,False,2026-09-04 19:05:52
ecobici,ecobici_gbfs_station_status,2026-09-04T19:07:47Z,2026-09-04,20260904T190746Z,22,3,0,20,0,1,1,1,1788548062,False,False,2026-09-04 18:54:22
ecobici,ecobici_gbfs_station_status,2026-09-04T19:07:47Z,2026-09-04,20260904T190746Z,23,3,0,32,0,1,1,1,1788548173,False,False,2026-09-04 18:56:13
ecobici,ecobici_gbfs_station_status,2026-09-04T19:07:47Z,2026-09-04,20260904T190746Z,24,2,1,32,0,1,1,1,1788548225,False,False,2026-09-04 18:57:05
ecobici,ecobici_gbfs_station_status,2026-09-04T19:07:47Z,2026-09-04,20260904T190746Z,25,1,0,22,0,1,1,1,1788548456,False,False,2026-09-04 19:00:56
ecobici,ecobici_gbfs_station_status,2026-09-04T19:07:47Z,2026-09-04,20260904T190746Z,26,1,0,18,0,1,1,1,1788542883,False,False,2026-09-04 17:28:03
ecobici,ecobici_gbfs_station_status,2026-09-04T19:07:47Z,2026-09-04,20260904T190746Z,27,11,0,10,0,1,1,1,1788548737,False,False,2026-09-04 19:05:37
ecobici,ecobici_gbfs_station_status,2026-09-04T19:07:47Z,2026-09-04,20260904T190746Z,28,7,0,4,0,1,1,1,1788548815,False,False,2026-09-04 19:06:55
ecobici,ecobici_gbfs_station_status,2026-09-04T19:07:47Z,2026-09-04,20260904T190746Z,29,2,0,29,0,1,1,1,1788546063,False,False,2026-09-04 18:21:03
ecobici,ecobici_gbfs_station_status,2026-09-04T19:07:47Z,2026-09-04,20260904T190746Z,30,1,0,18,0,1,1,1,1788548144,False,False,2026-09-04 18:55:44
ecobici,ecobici_gbfs_station_status,2026-09-04T19:07:47Z,2026-09-04,20260904T190746Z,31,1,1,13,0,1,1,1,1788548808,False,False,2026-09-04 19:06:48
ecobici,ecobici_gbfs_station_status,2026-09-04T19:07:47Z,2026-09-04,20260904T190746Z,32,2,0,17,0,1,1,1,1788548636,False,False,2026-09-04 19:03:56
ecobici,ecobici_gbfs_station_status,2026-09-04T19:07:47Z,2026-09-04,20260904T190746Z,33,0,0,27,0,1,1,1,1788548830,False,False,2026-09-04 19:07:10
ecobici,ecobici_gbfs_station_status,2026-09-04T19:07:47Z,2026-09-04,20260904T190746Z,34,0,0,19,0,1,1,1,1788542822,False,False,2026-09-04 17:27:02
ecobici,ecobici_gbfs_station_status,2026-09-04T19:07:47Z,2026-09-04,20260904T190746Z,35,2,1,28,0,1,1,1,1788547967,False,False,2026-09-04 18:52:47
ecobici,ecobici_gbfs_station_status,2026-09-04T19:07:47Z,2026-09-04,20260904T190746Z,36,10,0,9,0,1,1,1,1788547978,False,False,2026-09-04 18:52:58
ecobici,ecobici_gbfs_station_status,2026-09-04T19:07:47Z,2026-09-04,20260904T190746Z,37,2,0,29,0,1,1,1,1788548755,False,False,2026-09-04 19:05:55
ecobici,ecobici_gbfs_station_status,2026-09-04T19:07:47Z,2026-09-04,20260904T190746Z,38,5,1,17,0,1,1,1,1788547287,False,False,2026-09-04 18:41:27
ecobici,ecobici_gbfs_station_status,2026-09-04T19:07:47Z,2026-09-04,20260904T190746Z,39,1,0,18,0,1,1,1,1788547327,False,False,2026-09-04 18:42:07
ecobici,ecobici_gbfs_station_status,2026-09-04T19:07:47Z,2026-09-04,20260904T190746Z,40,4,1,26,0,1,1,1,1788548803,False,False,2026-09-04 19:06:43
ecobici,ecobici_gbfs_station_status,2026-09-04T19:07:47Z,2026-09-04,20260904T190746Z,41,3,0,20,0,1,1,1,1788548208,False,False,2026-09-04 18:56:48
ecobici,ecobici_gbfs_station_status,2026-09-04T19:07:47Z,2026-09-04,20260904T190746Z,42,9,1,9,0,1,1,1,1788548809,False,False,2026-09-04 19:06:49
ecobici,ecobici_gbfs_station_status,2026-09-04T19:07:47Z,2026-09-04,20260904T190746Z,43,3,0,16,0,1,1,1,1788547283,False,False,2026-09-04 18:41:23
ecobici,ecobici_gbfs_station_status,2026-09-04T19:07:47Z,2026-09-04,20260904T190746Z,44,16,0,31,0,1,1,1,1788548245,False,False,2026-09-04 18:57:25
ecobici,ecobici_gbfs_station_status,2026-09-04T19:07:47Z,2026-09-04,20260904T190746Z,45,14,0,12,0,1,1,1,1788548849,False,False,2026-09-04 19:07:29
ecobici,ecobici_gbfs_station_status,2026-09-04T19:07:47Z,2026-09-04,20260904T190746Z,46,8,0,23,0,1,1,1,1788548560,False,False,2026-09-04 19:02:40
ecobici,ecobici_gbfs_station_status,2026-09-04T19:07:47Z,2026-09-04,20260904T190746Z,47,3,1,19,0,1,1,1,1788548063,False,False,2026-09-04 18:54:23
ecobici,ecobici_gbfs_station_status,2026-09-04T19:07:47Z,2026-09-04,20260904T190746Z,48,0,0,23,0,1,1,1,1788544157,False,False,2026-09-04 17:49:17
ecobici,ecobici_gbfs_station_status,2026-09-04T19:07:47Z,2026-09-04,20260904T190746Z,49,3,0,56,0,1,1,1,1788548125,False,False,2026-09-04 18:55:25
ecobici,ecobici_gbfs_station_status,2026-09-04T19:07:47Z,2026-09-04,20260904T190746Z,50,2,0,17,0,1,1,1,1788548604,False,False,2026-09-04 19:03:24
ecobici,ecobici_gbfs_station_status,2026-09-04T19:07:47Z,2026-09-04,20260904T190746Z,51,2,0,25,0,1,1,1,1788548129,False,False,2026-09-04 18:55:29
ecobici,ecobici_gbfs_station_status,2026-09-04T19:07:47Z,2026-09-04,20260904T190746Z,52,5,0,30,0,1,1,1,1788548318,False,False,2026-09-04 18:58:38
ecobici,ecobici_gbfs_station_status,2026-09-04T19:07:47Z,2026-09-04,20260904T190746Z,53,0,0,23,0,1,1,1,1788546508,False,False,2026-09-04 18:28:28
ecobici,ecobici_gbfs_station_status,2026-09-04T19:07:47Z,2026-09-04,20260904T190746Z,55,5,0,18,0,1,1,1,1788548029,False,False,2026-09-04 18:53:49
ecobici,ecobici_gbfs_station_status,2026-09-04T19:07:47Z,2026-09-04,20260904T190746Z,56,1,0,34,0,1,1,1,1788547114,False,False,2026-09-04 18:38:34
ecobici,ecobici_gbfs_station_status,2026-09-04T19:07:47Z,2026-09-04,20260904T190746Z,57,4,0,19,0,1,1,1,1788548746,False,False,2026-09-04 19:05:46
ecobici,ecobici_gbfs_station_status,2026-09-04T19:07:47Z,2026-09-04,20260904T190746Z,58,12,0,18,0,1,1,1,1788548852,False,False,2026-09-04 19:07:32
ecobici,ecobici_gbfs_station_status,2026-09-04T19:07:47Z,2026-09-04,20260904T190746Z,59,7,0,20,0,1,1,1,1788548482,False,False,2026-09-04 19:01:22
ecobici,ecobici_gbfs_station_status,2026-09-04T19:07:47Z,2026-09-04,20260904T190746Z,60,9,0,18,0,1,1,1,1788548111,False,False,2026-09-04 18:55:11
ecobici,ecobici_gbfs_station_status,2026-09-04T19:07:47Z,2026-09-04,20260904T190746Z,61,1,0,34,0,1,1,1,1788548629,False,False,2026-09-04 19:03:49
ecobici,ecobici_gbfs_station_status,2026-09-04T19:07:47Z,2026-09-04,20260904T190746Z,62,12,1,21,1,1,1,1,1788548723,False,False,2026-09-04 19:05:23
ecobici,ecobici_gbfs_station_status,2026-09-04T19:07:47Z,2026-09-04,20260904T190746Z,63,0,0,19,0,1,1,1,1788548041,False,False,2026-09-04 18:54:01
ecobici,ecobici_gbfs_station_status,2026-09-04T19:07:47Z,2026-09-04,20260904T190746Z,64,1,3,27,0,1,1,1,1788548759,False,False,2026-09-04 19:05:59
ecobici,ecobici_gbfs_station_status,2026-09-04T19:07:47Z,2026-09-04,20260904T190746Z,65,4,0,27,0,1,1,1,1788547835,False,False,2026-09-04 18:50:35
ecobici,ecobici_gbfs_station_status,2026-09-04T19:07:47Z,2026-09-04,20260904T190746Z,66,25,2,0,0,1,1,1,1788538246,False,False,2026-09-04 16:10:46
ecobici,ecobici_gbfs_station_status,2026-09-04T19:07:47Z,2026-09-04,20260904T190746Z,67,13,0,10,0,1,1,1,1788548193,False,False,2026-09-04 18:56:33
ecobici,ecobici_gbfs_station_status,2026-09-04T19:07:47Z,2026-09-04,20260904T190746Z,68,7,3,13,0,1,1,1,1788547163,False,False,2026-09-04 18:39:23
ecobici,ecobici_gbfs_station_status,2026-09-04T19:07:47Z,2026-09-04,20260904T190746Z,69,8,1,26,0,1,1,1,1788548735,False,False,2026-09-04 19:05:35
ecobici,ecobici_gbfs_station_status,2026-09-04T19:07:47Z,2026-09-04,20260904T190746Z,70,3,1,15,0,1,1,1,1788548662,False,False,2026-09-04 19:04:22
ecobici,ecobici_gbfs_station_status,2026-09-04T19:07:47Z,2026-09-04,20260904T190746Z,71,4,1,30,0,1,1,1,1788548700,False,False,2026-09-04 19:05:00
ecobici,ecobici_gbfs_station_status,2026-09-04T19:07:47Z,2026-09-04,20260904T190746Z,72,8,1,22,0,1,1,1,1788548845,False,False,2026-09-04 19:07:25
ecobici,ecobici_gbfs_station_status,2026-09-04T19:07:47Z,2026-09-04,20260904T190746Z,73,8,0,15,0,1,1,1,1788548449,False,False,2026-09-04 19:00:49
ecobici,ecobici_gbfs_station_status,2026-09-04T19:07:47Z,2026-09-04,20260904T190746Z,74,4,0,11,0,1,1,1,1788548734,False,False,2026-09-04 19:05:34
ecobici,ecobici_gbfs_station_status,2026-09-04T19:07:47Z,2026-09-04,20260904T190746Z,75,1,0,18,0,1,1,1,1788548571,False,False,2026-09-04 19:02:51
ecobici,ecobici_gbfs_station_status,2026-09-04T19:07:47Z,2026-09-04,20260904T190746Z,76,11,0,16,0,1,1,1,1788548463,False,False,2026-09-04 19:01:03
ecobici,ecobici_gbfs_station_status,2026-09-04T19:07:47Z,2026-09-04,20260904T190746Z,77,2,1,28,0,1,1,1,1788548566,False,False,2026-09-04 19:02:46
ecobici,ecobici_gbfs_station_status,2026-09-04T19:07:47Z,2026-09-04,20260904T190746Z,78,1,1,21,0,1,1,1,1788548805,False,False,2026-09-04 19:06:45
ecobici,ecobici_gbfs_station_status,2026-09-04T19:07:47Z,2026-09-04,20260904T190746Z,79,5,1,29,0,1,1,1,1788548653,False,False,2026-09-04 19:04:13
ecobici,ecobici_gbfs_station_status,2026-09-04T19:07:47Z,2026-09-04,20260904T190746Z,80,13,1,9,0,1,1,1,1788548684,False,False,2026-09-04 19:04:44
ecobici,ecobici_gbfs_station_status,2026-09-04T19:07:47Z,2026-09-04,20260904T190746Z,81,2,1,16,0,1,1,1,1788548643,False,False,2026-09-04 19:04:03
ecobici,ecobici_gbfs_station_status,2026-09-04T19:07:47Z,2026-09-04,20260904T190746Z,82,1,2,24,0,1,1,1,1788548682,False,False,2026-09-04 19:04:42
ecobici,ecobici_gbfs_station_status,2026-09-04T19:07:47Z,2026-09-04,20260904T190746Z,83,4,1,30,0,1,1,1,1788548754,False,False,2026-09-04 19:05:54
ecobici,ecobici_gbfs_station_status,2026-09-04T19:07:47Z,2026-09-04,20260904T190746Z,84,7,2,26,0,1,1,1,1788548744,False,False,2026-09-04 19:05:44
ecobici,ecobici_gbfs_station_status,2026-09-04T19:07:47Z,2026-09-04,20260904T190746Z,85,4,0,11,0,1,1,1,1788548830,False,False,2026-09-04 19:07:10
ecobici,ecobici_gbfs_station_status,2026-09-04T19:07:47Z,2026-09-04,20260904T190746Z,86,1,0,26,0,1,1,1,1788548449,False,False,2026-09-04 19:00:49
ecobici,ecobici_gbfs_station_status,2026-09-04T19:07:47Z,2026-09-04,20260904T190746Z,87,5,1,25,0,1,1,1,1788548822,False,False,2026-09-04 19:07:02
ecobici,ecobici_gbfs_station_status,2026-09-04T19:07:47Z,2026-09-04,20260904T190746Z,88,4,1,18,0,1,1,1,1788548619,False,False,2026-09-04 19:03:39
ecobici,ecobici_gbfs_station_status,2026-09-04T19:07:47Z,2026-09-04,20260904T190746Z,89,8,2,29,0,1,1,1,1788548793,False,False,2026-09-04 19:06:33
ecobici,ecobici_gbfs_station_status,2026-09-04T19:07:47Z,2026-09-04,20260904T190746Z,90,3,1,23,0,1,1,1,1788548620,False,False,2026-09-04 19:03:40
ecobici,ecobici_gbfs_station_status,2026-09-04T19:07:47Z,2026-09-04,20260904T190746Z,91,0,1,22,0,1,1,1,1788548704,False,False,2026-09-04 19:05:04
ecobici,ecobici_gbfs_station_status,2026-09-04T19:07:47Z,2026-09-04,20260904T190746Z,92,0,3,12,0,1,0,1,1788506906,False,False,2026-09-04 07:28:26
ecobici,ecobici_gbfs_station_status,2026-09-04T19:07:47Z,2026-09-04,20260904T190746Z,93,15,3,21,0,1,1,1,1788548613,False,False,2026-09-04 19:03:33
ecobici,ecobici_gbfs_station_status,2026-09-04T19:07:47Z,2026-09-04,20260904T190746Z,94,3,1,23,0,1,1,1,1788548518,False,False,2026-09-04 19:01:58
ecobici,ecobici_gbfs_station_status,2026-09-04T19:07:47Z,2026-09-04,20260904T190746Z,95,4,3,32,0,1,1,1,1788548678,False,False,2026-09-04 19:04:38
ecobici,ecobici_gbfs_station_status,2026-09-04T19:07:47Z,2026-09-04,20260904T190746Z,96,12,1,26,0,1,1,1,1788548600,False,False,2026-09-04 19:03:20
ecobici,ecobici_gbfs_station_status,2026-09-04T19:07:47Z,2026-09-04,20260904T190746Z,97,12,1,32,0,1,1,1,1788548332,False,False,2026-09-04 18:58:52
ecobici,ecobici_gbfs_station_status,2026-09-04T19:07:47Z,2026-09-04,20260904T190746Z,98,3,1,31,0,1,1,1,1788548853,False,False,2026-09-04 19:07:33
ecobici,ecobici_gbfs_station_status,2026-09-04T19:07:47Z,2026-09-04,20260904T190746Z,99,5,0,18,0,1,1,1,1788548399,False,False,2026-09-04 18:59:59
ecobici,ecobici_gbfs_station_status,2026-09-04T19:07:47Z,2026-09-04,20260904T190746Z,100,1,0,22,0,1,1,1,1788548465,False,False,2026-09-04 19:01:05
ecobici,ecobici_gbfs_station_status,2026-09-04T19:07:47Z,2026-09-04,20260904T190746Z,101,2,0,13,0,1,1,1,1788547837,False,False,2026-09-04 18:50:37
ecobici,ecobici_gbfs_station_status,2026-09-04T19:07:47Z,2026-09-04,20260904T190746Z,102,3,0,23,1,1,1,1,1788548745,False,False,2026-09-04 19:05:45
ecobici,ecobici_gbfs_station_status,2026-09-04T19:07:47Z,2026-09-04,20260904T190746Z,103,10,0,17,0,1,1,1,1788548766,False,False,2026-09-04 19:06:06
ecobici,ecobici_gbfs_station_status,2026-09-04T19:07:47Z,2026-09-04,20260904T190746Z,104,13,1,45,0,1,1,1,1788548853,False,False,2026-09-04 19:07:33
ecobici,ecobici_gbfs_station_status,2026-09-04T19:07:47Z,2026-09-04,20260904T190746Z,105,11,1,19,0,1,1,1,1788547529,False,False,2026-09-04 18:45:29
ecobici,ecobici_gbfs_station_status,2026-09-04T19:07:47Z,2026-09-04,20260904T190746Z,106,5,3,27,0,1,1,1,1788548739,False,False,2026-09-04 19:05:39
ecobici,ecobici_gbfs_station_status,2026-09-04T19:07:47Z,2026-09-04,20260904T190746Z,107,0,2,33,0,1,1,1,1788547842,False,False,2026-09-04 18:50:42
ecobici,ecobici_gbfs_station_status,2026-09-04T19:07:47Z,2026-09-04,20260904T190746Z,108,5,0,30,0,1,1,1,1788548844,False,False,2026-09-04 19:07:24
ecobici,ecobici_gbfs_station_status,2026-09-04T19:07:47Z,2026-09-04,20260904T190746Z,109,1,2,16,0,1,1,1,1788548559,False,False,2026-09-04 19:02:39
ecobici,ecobici_gbfs_station_status,2026-09-04T19:07:47Z,2026-09-04,20260904T190746Z,110,0,1,22,0,1,1,1,1788548788,False,False,2026-09-04 19:06:28
ecobici,ecobici_gbfs_station_status,2026-09-04T19:07:47Z,2026-09-04,20260904T190746Z,111,13,1,5,0,1,1,1,1788548486,False,False,2026-09-04 19:01:26
ecobici,ecobici_gbfs_station_status,2026-09-04T19:07:47Z,2026-09-04,20260904T190746Z,112,14,0,1,0,1,1,1,1788548526,False,False,2026-09-04 19:02:06
ecobici,ecobici_gbfs_station_status,2026-09-04T19:07:47Z,2026-09-04,20260904T190746Z,113,8,0,23,0,1,1,1,1788548850,False,False,2026-09-04 19:07:30
ecobici,ecobici_gbfs_station_status,2026-09-04T19:07:47Z,2026-09-04,20260904T190746Z,114,15,1,15,0,1,1,1,1788548617,False,False,2026-09-04 19:03:37
ecobici,ecobici_gbfs_station_status,2026-09-04T19:07:47Z,2026-09-04,20260904T190746Z,115,6,1,8,0,1,1,1,1788548829,False,False,2026-09-04 19:07:09
ecobici,ecobici_gbfs_station_status,2026-09-04T19:07:47Z,2026-09-04,20260904T190746Z,116,1,2,24,0,1,1,1,1788548834,False,False,2026-09-04 19:07:14
ecobici,ecobici_gbfs_station_status,2026-09-04T19:07:47Z,2026-09-04,20260904T190746Z,117,2,1,24,0,1,1,1,1788548693,False,False,2026-09-04 19:04:53
ecobici,ecobici_gbfs_station_status,2026-09-04T19:07:47Z,2026-09-04,20260904T190746Z,119,20,0,11,0,1,1,1,1788548699,False,False,2026-09-04 19:04:59
ecobici,ecobici_gbfs_station_status,2026-09-04T19:07:47Z,2026-09-04,20260904T190746Z,120,20,0,7,0,1,1,1,1788548816,False,False,2026-09-04 19:06:56
ecobici,ecobici_gbfs_station_status,2026-09-04T19:07:47Z,2026-09-04,20260904T190746Z,121,8,0,15,0,1,1,1,1788527707,False,False,2026-09-04 13:15:07
ecobici,ecobici_gbfs_station_status,2026-09-04T19:07:47Z,2026-09-04,20260904T190746Z,122,12,1,18,0,1,1,1,1788548534,False,False,2026-09-04 19:02:14
ecobici,ecobici_gbfs_station_status,2026-09-04T19:07:47Z,2026-09-04,20260904T190746Z,123,9,2,12,0,1,1,1,1788548083,False,False,2026-09-04 18:54:43
ecobici,ecobici_gbfs_station_status,2026-09-04T19:07:47Z,2026-09-04,20260904T190746Z,124,27,0,16,0,1,1,1,1788548686,False,False,2026-09-04 19:04:46
ecobici,ecobici_gbfs_station_status,2026-09-04T19:07:47Z,2026-09-04,20260904T190746Z,125,1,0,28,0,1,1,1,1788548835,False,False,2026-09-04 19:07:15
ecobici,ecobici_gbfs_station_status,2026-09-04T19:07:47Z,2026-09-04,20260904T190746Z,126,1,1,25,0,1,1,1,1788548739,False,False,2026-09-04 19:05:39
ecobici,ecobici_gbfs_station_status,2026-09-04T19:07:47Z,2026-09-04,20260904T190746Z,127,2,0,31,0,1,1,1,1788548297,False,False,2026-09-04 18:58:17
ecobici,ecobici_gbfs_station_status,2026-09-04T19:07:47Z,2026-09-04,20260904T190746Z,128,0,1,70,0,1,1,1,1788541729,False,False,2026-09-04 17:08:49
ecobici,ecobici_gbfs_station_status,2026-09-04T19:07:47Z,2026-09-04,20260904T190746Z,129,1,1,33,0,1,1,1,1788548744,False,False,2026-09-04 19:05:44
ecobici,ecobici_gbfs_station_status,2026-09-04T19:07:47Z,2026-09-04,20260904T190746Z,130,1,0,68,0,1,1,1,1788548160,False,False,2026-09-04 18:56:00
ecobici,ecobici_gbfs_station_status,2026-09-04T19:07:47Z,2026-09-04,20260904T190746Z,131,23,0,0,0,1,1,1,1788548721,False,False,2026-09-04 19:05:21
ecobici,ecobici_gbfs_station_status,2026-09-04T19:07:47Z,2026-09-04,20260904T190746Z,132,0,4,27,0,1,1,1,1788547970,False,False,2026-09-04 18:52:50
ecobici,ecobici_gbfs_station_status,2026-09-04T19:07:47Z,2026-09-04,20260904T190746Z,133,25,0,2,0,1,1,1,1788548393,False,False,2026-09-04 18:59:53
ecobici,ecobici_gbfs_station_status,2026-09-04T19:07:47Z,2026-09-04,20260904T190746Z,134,1,5,64,0,1,1,1,1788548724,False,False,2026-09-04 19:05:24
ecobici,ecobici_gbfs_station_status,2026-09-04T19:07:47Z,2026-09-04,20260904T190746Z,135,2,1,38,0,1,1,1,1788548695,False,False,2026-09-04 19:04:55
ecobici,ecobici_gbfs_station_status,2026-09-04T19:07:47Z,2026-09-04,20260904T190746Z,136,8,0,7,0,1,1,1,1788548364,False,False,2026-09-04 18:59:24
ecobici,ecobici_gbfs_station_status,2026-09-04T19:07:47Z,2026-09-04,20260904T190746Z,137,6,0,9,0,1,1,1,1788548747,False,False,2026-09-04 19:05:47
ecobici,ecobici_gbfs_station_status,2026-09-04T19:07:47Z,2026-09-04,20260904T190746Z,138,11,0,12,0,1,1,1,1788548840,False,False,2026-09-04 19:07:20
ecobici,ecobici_gbfs_station_status,2026-09-04T19:07:47Z,2026-09-04,20260904T190746Z,139,2,0,25,0,1,1,1,1788548162,False,False,2026-09-04 18:56:02
ecobici,ecobici_gbfs_station_status,2026-09-04T19:07:47Z,2026-09-04,20260904T190746Z,140,1,2,24,0,1,1,1,1788548074,False,False,2026-09-04 18:54:34
ecobici,ecobici_gbfs_station_status,2026-09-04T19:07:47Z,2026-09-04,20260904T190746Z,141,3,6,65,0,1,1,1,1788548680,False,False,2026-09-04 19:04:40
ecobici,ecobici_gbfs_station_status,2026-09-04T19:07:47Z,2026-09-04,20260904T190746Z,142,7,1,15,0,1,1,1,1788548697,False,False,2026-09-04 19:04:57
ecobici,ecobici_gbfs_station_status,2026-09-04T19:07:47Z,2026-09-04,20260904T190746Z,143,1,1,25,0,1,1,1,1788548847,False,False,2026-09-04 19:07:27
ecobici,ecobici_gbfs_station_status,2026-09-04T19:07:47Z,2026-09-04,20260904T190746Z,144,4,3,16,0,1,1,1,1788548715,False,False,2026-09-04 19:05:15
ecobici,ecobici_gbfs_station_status,2026-09-04T19:07:47Z,2026-09-04,20260904T190746Z,145,0,3,28,0,1,1,1,1788548722,False,False,2026-09-04 19:05:22
ecobici,ecobici_gbfs_station_status,2026-09-04T19:07:47Z,2026-09-04,20260904T190746Z,146,3,0,26,0,1,1,1,1788548757,False,False,2026-09-04 19:05:57
ecobici,ecobici_gbfs_station_status,2026-09-04T19:07:47Z,2026-09-04,20260904T190746Z,147,12,0,7,0,1,1,1,1788548779,False,False,2026-09-04 19:06:19
ecobici,ecobici_gbfs_station_status,2026-09-04T19:07:47Z,2026-09-04,20260904T190746Z,148,21,1,5,0,1,1,1,1788548298,False,False,2026-09-04 18:58:18
ecobici,ecobici_gbfs_station_status,2026-09-04T19:07:47Z,2026-09-04,20260904T190746Z,149,19,1,7,0,1,1,1,1788548658,False,False,2026-09-04 19:04:18
ecobici,ecobici_gbfs_station_status,2026-09-04T19:07:47Z,2026-09-04,20260904T190746Z,150,23,0,0,0,1,1,1,1788548512,False,False,2026-09-04 19:01:52
ecobici,ecobici_gbfs_station_status,2026-09-04T19:07:47Z,2026-09-04,20260904T190746Z,151,24,0,3,0,1,1,1,1788548520,False,False,2026-09-04 19:02:00
ecobici,ecobici_gbfs_station_status,2026-09-04T19:07:47Z,2026-09-04,20260904T190746Z,152,3,2,69,0,1,1,1,1788548633,False,False,2026-09-04 19:03:53
ecobici,ecobici_gbfs_station_status,2026-09-04T19:07:47Z,2026-09-04,20260904T190746Z,153,22,1,0,0,1,1,1,1788548235,False,False,2026-09-04 18:57:15
ecobici,ecobici_gbfs_station_status,2026-09-04T19:07:47Z,2026-09-04,20260904T190746Z,154,27,0,0,0,1,1,1,1788548304,False,False,2026-09-04 18:58:24
ecobici,ecobici_gbfs_station_status,2026-09-04T19:07:47Z,2026-09-04,20260904T190746Z,155,27,0,0,0,1,1,1,1788548192,False,False,2026-09-04 18:56:32
ecobici,ecobici_gbfs_station_status,2026-09-04T19:07:47Z,2026-09-04,20260904T190746Z,156,18,1,16,0,1,1,1,1788548711,False,False,2026-09-04 19:05:11
ecobici,ecobici_gbfs_station_status,2026-09-04T19:07:47Z,2026-09-04,20260904T190746Z,157,6,0,13,0,1,1,1,1788548685,False,False,2026-09-04 19:04:45
ecobici,ecobici_gbfs_station_status,2026-09-04T19:07:47Z,2026-09-04,20260904T190746Z,158,22,0,1,0,1,1,1,1788548561,False,False,2026-09-04 19:02:41
ecobici,ecobici_gbfs_station_status,2026-09-04T19:07:47Z,2026-09-04,20260904T190746Z,159,23,1,3,0,1,1,1,1788548611,False,False,2026-09-04 19:03:31
ecobici,ecobici_gbfs_station_status,2026-09-04T19:07:47Z,2026-09-04,20260904T190746Z,160,35,0,0,0,1,1,1,1788548172,False,False,2026-09-04 18:56:12
ecobici,ecobici_gbfs_station_status,2026-09-04T19:07:47Z,2026-09-04,20260904T190746Z,161,23,1,3,0,1,1,1,1788548564,False,False,2026-09-04 19:02:44
ecobici,ecobici_gbfs_station_status,2026-09-04T19:07:47Z,2026-09-04,20260904T190746Z,162,17,0,6,0,1,1,1,1788548763,False,False,2026-09-04 19:06:03
ecobici,ecobici_gbfs_station_status,2026-09-04T19:07:47Z,2026-09-04,20260904T190746Z,163,12,3,8,0,1,1,1,1788548777,False,False,2026-09-04 19:06:17
ecobici,ecobici_gbfs_station_status,2026-09-04T19:07:47Z,2026-09-04,20260904T190746Z,164,31,2,16,0,1,1,1,1788548527,False,False,2026-09-04 19:02:07
ecobici,ecobici_gbfs_station_status,2026-09-04T19:07:47Z,2026-09-04,20260904T190746Z,165,20,3,0,0,1,1,1,1788547868,False,False,2026-09-04 18:51:08
ecobici,ecobici_gbfs_station_status,2026-09-04T19:07:47Z,2026-09-04,20260904T190746Z,166,21,0,10,0,1,1,1,1788548853,False,False,2026-09-04 19:07:33
ecobici,ecobici_gbfs_station_status,2026-09-04T19:07:47Z,2026-09-04,20260904T190746Z,167,5,1,9,0,1,1,1,1788548233,False,False,2026-09-04 18:57:13
ecobici,ecobici_gbfs_station_status,2026-09-04T19:07:47Z,2026-09-04,20260904T190746Z,168,3,1,19,0,1,1,1,1788548811,False,False,2026-09-04 19:06:51
ecobici,ecobici_gbfs_station_status,2026-09-04T19:07:47Z,2026-09-04,20260904T190746Z,169,8,0,23,0,1,1,1,1788548793,False,False,2026-09-04 19:06:33
ecobici,ecobici_gbfs_station_status,2026-09-04T19:07:47Z,2026-09-04,20260904T190746Z,170,8,1,14,0,1,1,1,1788548808,False,False,2026-09-04 19:06:48
ecobici,ecobici_gbfs_station_status,2026-09-04T19:07:47Z,2026-09-04,20260904T190746Z,171,3,4,30,0,1,1,1,1788548666,False,False,2026-09-04 19:04:26
ecobici,ecobici_gbfs_station_status,2026-09-04T19:07:47Z,2026-09-04,20260904T190746Z,172,1,0,38,0,1,1,1,1788548844,False,False,2026-09-04 19:07:24
ecobici,ecobici_gbfs_station_status,2026-09-04T19:07:47Z,2026-09-04,20260904T190746Z,173,10,0,25,0,1,1,1,1788548645,False,False,2026-09-04 19:04:05
ecobici,ecobici_gbfs_station_status,2026-09-04T19:07:47Z,2026-09-04,20260904T190746Z,174,16,1,2,0,1,1,1,1788548677,False,False,2026-09-04 19:04:37
ecobici,ecobici_gbfs_station_status,2026-09-04T19:07:47Z,2026-09-04,20260904T190746Z,175,1,2,28,0,1,1,1,1788548632,False,False,2026-09-04 19:03:52
ecobici,ecobici_gbfs_station_status,2026-09-04T19:07:47Z,2026-09-04,20260904T190746Z,176,12,1,4,0,1,1,1,1788548749,False,False,2026-09-04 19:05:49
ecobici,ecobici_gbfs_station_status,2026-09-04T19:07:47Z,2026-09-04,20260904T190746Z,177,7,1,15,0,1,1,1,1788548124,False,False,2026-09-04 18:55:24
ecobici,ecobici_gbfs_station_status,2026-09-04T19:07:47Z,2026-09-04,20260904T190746Z,178,4,0,23,0,1,1,1,1788531603,False,False,2026-09-04 14:20:03
ecobici,ecobici_gbfs_station_status,2026-09-04T19:07:47Z,2026-09-04,20260904T190746Z,179,2,0,29,0,1,1,1,1788548419,False,False,2026-09-04 19:00:19
ecobici,ecobici_gbfs_station_status,2026-09-04T19:07:47Z,2026-09-04,20260904T190746Z,180,15,0,20,0,1,1,1,1788548676,False,False,2026-09-04 19:04:36
ecobici,ecobici_gbfs_station_status,2026-09-04T19:07:47Z,2026-09-04,20260904T190746Z,181,6,2,11,0,1,1,1,1788548714,False,False,2026-09-04 19:05:14
ecobici,ecobici_gbfs_station_status,2026-09-04T19:07:47Z,2026-09-04,20260904T190746Z,182,4,0,15,0,1,1,1,1788548360,False,False,2026-09-04 18:59:20
ecobici,ecobici_gbfs_station_status,2026-09-04T19:07:47Z,2026-09-04,20260904T190746Z,183,5,0,14,0,1,1,1,1788548721,False,False,2026-09-04 19:05:21
ecobici,ecobici_gbfs_station_status,2026-09-04T19:07:47Z,2026-09-04,20260904T190746Z,184,23,1,12,0,1,1,1,1788548736,False,False,2026-09-04 19:05:36
ecobici,ecobici_gbfs_station_status,2026-09-04T19:07:47Z,2026-09-04,20260904T190746Z,185,7,0,4,0,1,1,1,1788548759,False,False,2026-09-04 19:05:59
ecobici,ecobici_gbfs_station_status,2026-09-04T19:07:47Z,2026-09-04,20260904T190746Z,186,5,2,20,0,1,1,1,1788548634,False,False,2026-09-04 19:03:54
ecobici,ecobici_gbfs_station_status,2026-09-04T19:07:47Z,2026-09-04,20260904T190746Z,187,1,1,21,0,1,1,1,1788548566,False,False,2026-09-04 19:02:46
ecobici,ecobici_gbfs_station_status,2026-09-04T19:07:47Z,2026-09-04,20260904T190746Z,188,0,1,20,0,1,1,1,1788545790,False,False,2026-09-04 18:16:30
ecobici,ecobici_gbfs_station_status,2026-09-04T19:07:47Z,2026-09-04,20260904T190746Z,189,0,2,17,0,1,1,1,1788548144,False,False,2026-09-04 18:55:44
ecobici,ecobici_gbfs_station_status,2026-09-04T19:07:47Z,2026-09-04,20260904T190746Z,190,0,1,22,0,1,1,1,1788547720,False,False,2026-09-04 18:48:40
ecobici,ecobici_gbfs_station_status,2026-09-04T19:07:47Z,2026-09-04,20260904T190746Z,191,15,2,2,0,1,1,1,1788548003,False,False,2026-09-04 18:53:23
ecobici,ecobici_gbfs_station_status,2026-09-04T19:07:47Z,2026-09-04,20260904T190746Z,192,3,1,19,0,1,1,1,1788548744,False,False,2026-09-04 19:05:44
ecobici,ecobici_gbfs_station_status,2026-09-04T19:07:47Z,2026-09-04,20260904T190746Z,193,4,1,29,0,1,1,1,1788548854,False,False,2026-09-04 19:07:34
ecobici,ecobici_gbfs_station_status,2026-09-04T19:07:47Z,2026-09-04,20260904T190746Z,194,6,1,20,0,1,1,1,1788548629,False,False,2026-09-04 19:03:49
ecobici,ecobici_gbfs_station_status,2026-09-04T19:07:47Z,2026-09-04,20260904T190746Z,195,15,1,11,0,1,1,1,1788548671,False,False,2026-09-04 19:04:31
ecobici,ecobici_gbfs_station_status,2026-09-04T19:07:47Z,2026-09-04,20260904T190746Z,196,11,0,16,0,1,1,1,1788548671,False,False,2026-09-04 19:04:31
ecobici,ecobici_gbfs_station_status,2026-09-04T19:07:47Z,2026-09-04,20260904T190746Z,197,0,4,18,1,1,1,1,1788548488,False,False,2026-09-04 19:01:28
ecobici,ecobici_gbfs_station_status,2026-09-04T19:07:47Z,2026-09-04,20260904T190746Z,198,23,0,4,0,1,1,1,1788547047,False,False,2026-09-04 18:37:27
ecobici,ecobici_gbfs_station_status,2026-09-04T19:07:47Z,2026-09-04,20260904T190746Z,199,19,0,16,0,1,1,1,1788548688,False,False,2026-09-04 19:04:48
ecobici,ecobici_gbfs_station_status,2026-09-04T19:07:47Z,2026-09-04,20260904T190746Z,200,24,1,2,0,1,1,1,1788548658,False,False,2026-09-04 19:04:18
ecobici,ecobici_gbfs_station_status,2026-09-04T19:07:47Z,2026-09-04,20260904T190746Z,201,30,0,1,0,1,1,1,1788548840,False,False,2026-09-04 19:07:20
ecobici,ecobici_gbfs_station_status,2026-09-04T19:07:47Z,2026-09-04,20260904T190746Z,202,13,0,2,0,1,1,1,1788547013,False,False,2026-09-04 18:36:53
ecobici,ecobici_gbfs_station_status,2026-09-04T19:07:47Z,2026-09-04,20260904T190746Z,203,3,0,24,0,1,1,1,1788548622,False,False,2026-09-04 19:03:42
ecobici,ecobici_gbfs_station_status,2026-09-04T19:07:47Z,2026-09-04,20260904T190746Z,204,27,0,0,0,1,1,1,1788548477,False,False,2026-09-04 19:01:17
ecobici,ecobici_gbfs_station_status,2026-09-04T19:07:47Z,2026-09-04,20260904T190746Z,205,0,1,29,0,1,1,1,1788548131,False,False,2026-09-04 18:55:31
ecobici,ecobici_gbfs_station_status,2026-09-04T19:07:47Z,2026-09-04,20260904T190746Z,206,25,0,2,0,1,1,1,1788547634,False,False,2026-09-04 18:47:14
ecobici,ecobici_gbfs_station_status,2026-09-04T19:07:47Z,2026-09-04,20260904T190746Z,207,24,1,6,0,1,1,1,1788548852,False,False,2026-09-04 19:07:32
ecobici,ecobici_gbfs_station_status,2026-09-04T19:07:47Z,2026-09-04,20260904T190746Z,208,12,0,5,0,1,1,1,1788548577,False,False,2026-09-04 19:02:57
ecobici,ecobici_gbfs_station_status,2026-09-04T19:07:47Z,2026-09-04,20260904T190746Z,209,4,0,15,0,1,1,1,1788547523,False,False,2026-09-04 18:45:23
ecobici,ecobici_gbfs_station_status,2026-09-04T19:07:47Z,2026-09-04,20260904T190746Z,210,1,0,20,0,1,1,1,1788547737,False,False,2026-09-04 18:48:57
ecobici,ecobici_gbfs_station_status,2026-09-04T19:07:47Z,2026-09-04,20260904T190746Z,211,0,1,18,0,1,1,1,1788545724,False,False,2026-09-04 18:15:24
ecobici,ecobici_gbfs_station_status,2026-09-04T19:07:47Z,2026-09-04,20260904T190746Z,212,4,0,15,0,1,1,1,1788548648,False,False,2026-09-04 19:04:08
ecobici,ecobici_gbfs_station_status,2026-09-04T19:07:47Z,2026-09-04,20260904T190746Z,213,2,0,17,0,1,1,1,1788548011,False,False,2026-09-04 18:53:31
ecobici,ecobici_gbfs_station_status,2026-09-04T19:07:47Z,2026-09-04,20260904T190746Z,214,2,1,22,0,1,1,1,1788548853,False,False,2026-09-04 19:07:33
ecobici,ecobici_gbfs_station_status,2026-09-04T19:07:47Z,2026-09-04,20260904T190746Z,215,7,1,15,0,1,1,1,1788548464,False,False,2026-09-04 19:01:04
ecobici,ecobici_gbfs_station_status,2026-09-04T19:07:47Z,2026-09-04,20260904T190746Z,216,4,0,23,0,1,1,1,1788548696,False,False,2026-09-04 19:04:56
ecobici,ecobici_gbfs_station_status,2026-09-04T19:07:47Z,2026-09-04,20260904T190746Z,217,0,1,22,0,1,1,1,1788547429,False,False,2026-09-04 18:43:49
ecobici,ecobici_gbfs_station_status,2026-09-04T19:07:47Z,2026-09-04,20260904T190746Z,218,10,0,9,0,1,1,1,1788548523,False,False,2026-09-04 19:02:03
ecobici,ecobici_gbfs_station_status,2026-09-04T19:07:47Z,2026-09-04,20260904T190746Z,219,18,1,8,0,1,1,1,1788548174,False,False,2026-09-04 18:56:14
ecobici,ecobici_gbfs_station_status,2026-09-04T19:07:47Z,2026-09-04,20260904T190746Z,220,1,0,22,0,1,1,1,1788548156,False,False,2026-09-04 18:55:56
ecobici,ecobici_gbfs_station_status,2026-09-04T19:07:47Z,2026-09-04,20260904T190746Z,221,9,0,10,0,1,1,1,1788548612,False,False,2026-09-04 19:03:32
ecobici,ecobici_gbfs_station_status,2026-09-04T19:07:47Z,2026-09-04,20260904T190746Z,222,0,0,19,0,1,1,1,1788540569,False,False,2026-09-04 16:49:29
ecobici,ecobici_gbfs_station_status,2026-09-04T19:07:47Z,2026-09-04,20260904T190746Z,223,11,0,8,0,1,1,1,1788548587,False,False,2026-09-04 19:03:07
ecobici,ecobici_gbfs_station_status,2026-09-04T19:07:47Z,2026-09-04,20260904T190746Z,224,11,0,4,0,1,1,1,1788548856,False,False,2026-09-04 19:07:36
ecobici,ecobici_gbfs_station_status,2026-09-04T19:07:47Z,2026-09-04,20260904T190746Z,225,20,2,9,0,1,1,1,1788548858,False,False,2026-09-04 19:07:38
ecobici,ecobici_gbfs_station_status,2026-09-04T19:07:47Z,2026-09-04,20260904T190746Z,226,1,0,26,0,1,1,1,1788548209,False,False,2026-09-04 18:56:49
ecobici,ecobici_gbfs_station_status,2026-09-04T19:07:47Z,2026-09-04,20260904T190746Z,227,14,3,6,0,1,1,1,1788548746,False,False,2026-09-04 19:05:46
ecobici,ecobici_gbfs_station_status,2026-09-04T19:07:47Z,2026-09-04,20260904T190746Z,228,8,0,3,0,1,1,1,1788548523,False,False,2026-09-04 19:02:03
ecobici,ecobici_gbfs_station_status,2026-09-04T19:07:47Z,2026-09-04,20260904T190746Z,229,2,1,24,0,1,1,1,1788548623,False,False,2026-09-04 19:03:43
ecobici,ecobici_gbfs_station_status,2026-09-04T19:07:47Z,2026-09-04,20260904T190746Z,230,11,0,4,0,1,1,1,1788548052,False,False,2026-09-04 18:54:12
ecobici,ecobici_gbfs_station_status,2026-09-04T19:07:47Z,2026-09-04,20260904T190746Z,231,0,1,24,0,1,1,1,1788546342,False,False,2026-09-04 18:25:42
ecobici,ecobici_gbfs_station_status,2026-09-04T19:07:47Z,2026-09-04,20260904T190746Z,232,1,0,30,0,1,1,1,1788548591,False,False,2026-09-04 19:03:11
ecobici,ecobici_gbfs_station_status,2026-09-04T19:07:47Z,2026-09-04,20260904T190746Z,233,1,0,18,0,1,1,1,1788548785,False,False,2026-09-04 19:06:25
ecobici,ecobici_gbfs_station_status,2026-09-04T19:07:47Z,2026-09-04,20260904T190746Z,234,0,0,33,0,1,1,1,1788548744,False,False,2026-09-04 19:05:44
ecobici,ecobici_gbfs_station_status,2026-09-04T19:07:47Z,2026-09-04,20260904T190746Z,235,26,0,1,0,1,1,1,1788548817,False,False,2026-09-04 19:06:57
ecobici,ecobici_gbfs_station_status,2026-09-04T19:07:47Z,2026-09-04,20260904T190746Z,236,29,0,4,0,1,1,1,1788548796,False,False,2026-09-04 19:06:36
ecobici,ecobici_gbfs_station_status,2026-09-04T19:07:47Z,2026-09-04,20260904T190746Z,237,0,0,23,0,1,1,1,1788545134,False,False,2026-09-04 18:05:34
ecobici,ecobici_gbfs_station_status,2026-09-04T19:07:47Z,2026-09-04,20260904T190746Z,238,9,1,19,0,1,1,1,1788548752,False,False,2026-09-04 19:05:52
ecobici,ecobici_gbfs_station_status,2026-09-04T19:07:47Z,2026-09-04,20260904T190746Z,239,13,3,7,0,1,1,1,1788548823,False,False,2026-09-04 19:07:03
ecobici,ecobici_gbfs_station_status,2026-09-04T19:07:47Z,2026-09-04,20260904T190746Z,240,1,4,22,0,1,1,1,1788548550,False,False,2026-09-04 19:02:30
ecobici,ecobici_gbfs_station_status,2026-09-04T19:07:47Z,2026-09-04,20260904T190746Z,241,3,1,27,0,1,1,1,1788548630,False,False,2026-09-04 19:03:50
ecobici,ecobici_gbfs_station_status,2026-09-04T19:07:47Z,2026-09-04,20260904T190746Z,242,0,0,35,0,1,1,1,1788548576,False,False,2026-09-04 19:02:56
ecobici,ecobici_gbfs_station_status,2026-09-04T19:07:47Z,2026-09-04,20260904T190746Z,243,0,1,32,0,1,1,1,1788548212,False,False,2026-09-04 18:56:52
ecobici,ecobici_gbfs_station_status,2026-09-04T19:07:47Z,2026-09-04,20260904T190746Z,244,14,0,9,0,1,1,1,1788548559,False,False,2026-09-04 19:02:39
ecobici,ecobici_gbfs_station_status,2026-09-04T19:07:47Z,2026-09-04,20260904T190746Z,245,9,0,26,0,1,1,1,1788548792,False,False,2026-09-04 19:06:32
ecobici,ecobici_gbfs_station_status,2026-09-04T19:07:47Z,2026-09-04,20260904T190746Z,246,0,1,30,0,1,1,1,1788548802,False,False,2026-09-04 19:06:42
ecobici,ecobici_gbfs_station_status,2026-09-04T19:07:47Z,2026-09-04,20260904T190746Z,247,43,6,14,0,1,1,1,1788548751,False,False,2026-09-04 19:05:51
ecobici,ecobici_gbfs_station_status,2026-09-04T19:07:47Z,2026-09-04,20260904T190746Z,249,2,0,33,0,1,1,1,1788548835,False,False,2026-09-04 19:07:15
ecobici,ecobici_gbfs_station_status,2026-09-04T19:07:47Z,2026-09-04,20260904T190746Z,250,5,0,6,0,1,1,1,1788548790,False,False,2026-09-04 19:06:30
ecobici,ecobici_gbfs_station_status,2026-09-04T19:07:47Z,2026-09-04,20260904T190746Z,251,9,2,20,0,1,1,1,1788548823,False,False,2026-09-04 19:07:03
ecobici,ecobici_gbfs_station_status,2026-09-04T19:07:47Z,2026-09-04,20260904T190746Z,252,55,0,0,0,1,1,1,1788547661,False,False,2026-09-04 18:47:41
ecobici,ecobici_gbfs_station_status,2026-09-04T19:07:47Z,2026-09-04,20260904T190746Z,253,6,0,5,0,1,1,1,1788547644,False,False,2026-09-04 18:47:24
ecobici,ecobici_gbfs_station_status,2026-09-04T19:07:47Z,2026-09-04,20260904T190746Z,254,1,3,19,0,1,1,1,1788548728,False,False,2026-09-04 19:05:28
ecobici,ecobici_gbfs_station_status,2026-09-04T19:07:47Z,2026-09-04,20260904T190746Z,255,0,1,34,0,1,1,1,1788548694,False,False,2026-09-04 19:04:54
ecobici,ecobici_gbfs_station_status,2026-09-04T19:07:47Z,2026-09-04,20260904T190746Z,256,15,1,3,0,1,1,1,1788546159,False,False,2026-09-04 18:22:39
ecobici,ecobici_gbfs_station_status,2026-09-04T19:07:47Z,2026-09-04,20260904T190746Z,257,17,1,13,0,1,1,1,1788547915,False,False,2026-09-04 18:51:55
ecobici,ecobici_gbfs_station_status,2026-09-04T19:07:47Z,2026-09-04,20260904T190746Z,258,10,1,24,0,1,1,1,1788548640,False,False,2026-09-04 19:04:00
ecobici,ecobici_gbfs_station_status,2026-09-04T19:07:47Z,2026-09-04,20260904T190746Z,259,16,2,7,0,1,1,1,1788548851,False,False,2026-09-04 19:07:31
ecobici,ecobici_gbfs_station_status,2026-09-04T19:07:47Z,2026-09-04,20260904T190746Z,260,4,5,14,0,1,1,1,1788548304,False,False,2026-09-04 18:58:24
ecobici,ecobici_gbfs_station_status,2026-09-04T19:07:47Z,2026-09-04,20260904T190746Z,261,14,2,7,0,1,1,1,1788548818,False,False,2026-09-04 19:06:58
ecobici,ecobici_gbfs_station_status,2026-09-04T19:07:47Z,2026-09-04,20260904T190746Z,262,4,1,28,0,1,1,1,1788547962,False,False,2026-09-04 18:52:42
ecobici,ecobici_gbfs_station_status,2026-09-04T19:07:47Z,2026-09-04,20260904T190746Z,263,22,0,5,0,1,1,1,1788548532,False,False,2026-09-04 19:02:12
ecobici,ecobici_gbfs_station_status,2026-09-04T19:07:47Z,2026-09-04,20260904T190746Z,264,6,3,26,0,1,1,1,1788548520,False,False,2026-09-04 19:02:00
ecobici,ecobici_gbfs_station_status,2026-09-04T19:07:47Z,2026-09-04,20260904T190746Z,265,29,1,6,0,1,1,1,1788547541,False,False,2026-09-04 18:45:41
ecobici,ecobici_gbfs_station_status,2026-09-04T19:07:47Z,2026-09-04,20260904T190746Z,266,2,5,8,0,1,1,1,1788548728,False,False,2026-09-04 19:05:28
ecobici,ecobici_gbfs_station_status,2026-09-04T19:07:47Z,2026-09-04,20260904T190746Z,267,23,1,15,0,1,1,1,1788548827,False,False,2026-09-04 19:07:07
ecobici,ecobici_gbfs_station_status,2026-09-04T19:07:47Z,2026-09-04,20260904T190746Z,268,1,1,36,0,1,1,1,1788548795,False,False,2026-09-04 19:06:35
ecobici,ecobici_gbfs_station_status,2026-09-04T19:07:47Z,2026-09-04,20260904T190746Z,269,10,0,1,0,1,1,1,1788548584,False,False,2026-09-04 19:03:04
ecobici,ecobici_gbfs_station_status,2026-09-04T19:07:47Z,2026-09-04,20260904T190746Z,270,6,1,28,0,1,1,1,1788548749,False,False,2026-09-04 19:05:49
ecobici,ecobici_gbfs_station_status,2026-09-04T19:07:47Z,2026-09-04,20260904T190746Z,271,3,3,25,0,1,1,1,1788548684,False,False,2026-09-04 19:04:44
ecobici,ecobici_gbfs_station_status,2026-09-04T19:07:47Z,2026-09-04,20260904T190746Z,272,12,3,8,0,1,1,1,1788548182,False,False,2026-09-04 18:56:22
ecobici,ecobici_gbfs_station_status,2026-09-04T19:07:47Z,2026-09-04,20260904T190746Z,273,1,0,22,0,1,1,1,1788547752,False,False,2026-09-04 18:49:12
ecobici,ecobici_gbfs_station_status,2026-09-04T19:07:47Z,2026-09-04,20260904T190746Z,275,11,2,6,0,1,1,1,1788547944,False,False,2026-09-04 18:52:24
ecobici,ecobici_gbfs_station_status,2026-09-04T19:07:47Z,2026-09-04,20260904T190746Z,276,10,0,25,0,1,1,1,1788548613,False,False,2026-09-04 19:03:33
ecobici,ecobici_gbfs_station_status,2026-09-04T19:07:47Z,2026-09-04,20260904T190746Z,277,8,3,20,0,1,1,1,1788548620,False,False,2026-09-04 19:03:40
ecobici,ecobici_gbfs_station_status,2026-09-04T19:07:47Z,2026-09-04,20260904T190746Z,278,3,2,10,0,1,1,1,1788548830,False,False,2026-09-04 19:07:10
ecobici,ecobici_gbfs_station_status,2026-09-04T19:07:47Z,2026-09-04,20260904T190746Z,279,21,0,22,0,1,1,1,1788548857,False,False,2026-09-04 19:07:37
ecobici,ecobici_gbfs_station_status,2026-09-04T19:07:47Z,2026-09-04,20260904T190746Z,280,19,0,0,0,1,1,1,1788548756,False,False,2026-09-04 19:05:56
ecobici,ecobici_gbfs_station_status,2026-09-04T19:07:47Z,2026-09-04,20260904T190746Z,281,12,0,3,0,1,1,1,1788548496,False,False,2026-09-04 19:01:36
ecobici,ecobici_gbfs_station_status,2026-09-04T19:07:47Z,2026-09-04,20260904T190746Z,282,26,2,3,0,1,1,1,1788548780,False,False,2026-09-04 19:06:20
ecobici,ecobici_gbfs_station_status,2026-09-04T19:07:47Z,2026-09-04,20260904T190746Z,283,17,2,4,0,1,1,1,1788548661,False,False,2026-09-04 19:04:21
ecobici,ecobici_gbfs_station_status,2026-09-04T19:07:47Z,2026-09-04,20260904T190746Z,284,30,1,0,0,1,1,1,1788548835,False,False,2026-09-04 19:07:15
ecobici,ecobici_gbfs_station_status,2026-09-04T19:07:47Z,2026-09-04,20260904T190746Z,285,10,2,3,0,1,1,1,1788548662,False,False,2026-09-04 19:04:22
ecobici,ecobici_gbfs_station_status,2026-09-04T19:07:47Z,2026-09-04,20260904T190746Z,286,14,0,9,0,1,1,1,1788548641,False,False,2026-09-04 19:04:01
ecobici,ecobici_gbfs_station_status,2026-09-04T19:07:47Z,2026-09-04,20260904T190746Z,287,13,0,6,0,1,1,1,1788548236,False,False,2026-09-04 18:57:16
ecobici,ecobici_gbfs_station_status,2026-09-04T19:07:47Z,2026-09-04,20260904T190746Z,288,17,0,0,0,1,1,1,1788547877,False,False,2026-09-04 18:51:17
ecobici,ecobici_gbfs_station_status,2026-09-04T19:07:47Z,2026-09-04,20260904T190746Z,289,2,1,26,0,1,1,1,1788548806,False,False,2026-09-04 19:06:46
ecobici,ecobici_gbfs_station_status,2026-09-04T19:07:47Z,2026-09-04,20260904T190746Z,290,1,1,31,0,1,1,1,1788548838,False,False,2026-09-04 19:07:18
ecobici,ecobici_gbfs_station_status,2026-09-04T19:07:47Z,2026-09-04,20260904T190746Z,291,13,0,2,0,1,1,1,1788548758,False,False,2026-09-04 19:05:58
ecobici,ecobici_gbfs_station_status,2026-09-04T19:07:47Z,2026-09-04,20260904T190746Z,292,8,1,26,0,1,1,1,1788548854,False,False,2026-09-04 19:07:34
ecobici,ecobici_gbfs_station_status,2026-09-04T19:07:47Z,2026-09-04,20260904T190746Z,293,0,0,31,0,1,1,1,1788546632,False,False,2026-09-04 18:30:32
ecobici,ecobici_gbfs_station_status,2026-09-04T19:07:47Z,2026-09-04,20260904T190746Z,294,14,1,13,0,1,1,1,1788548706,False,False,2026-09-04 19:05:06
ecobici,ecobici_gbfs_station_status,2026-09-04T19:07:47Z,2026-09-04,20260904T190746Z,295,30,6,2,1,1,1,1,1788548756,False,False,2026-09-04 19:05:56
ecobici,ecobici_gbfs_station_status,2026-09-04T19:07:47Z,2026-09-04,20260904T190746Z,296,31,2,2,0,1,1,1,1788548827,False,False,2026-09-04 19:07:07
ecobici,ecobici_gbfs_station_status,2026-09-04T19:07:47Z,2026-09-04,20260904T190746Z,297,19,0,8,0,1,1,1,1788548292,False,False,2026-09-04 18:58:12
ecobici,ecobici_gbfs_station_status,2026-09-04T19:07:47Z,2026-09-04,20260904T190746Z,298,3,4,28,0,1,1,1,1788548856,False,False,2026-09-04 19:07:36
ecobici,ecobici_gbfs_station_status,2026-09-04T19:07:47Z,2026-09-04,20260904T190746Z,299,2,1,20,0,1,1,1,1788548790,False,False,2026-09-04 19:06:30
ecobici,ecobici_gbfs_station_status,2026-09-04T19:07:47Z,2026-09-04,20260904T190746Z,300,30,1,0,0,1,1,1,1788546832,False,False,2026-09-04 18:33:52
ecobici,ecobici_gbfs_station_status,2026-09-04T19:07:47Z,2026-09-04,20260904T190746Z,301,22,1,0,0,1,1,1,1788543747,False,False,2026-09-04 17:42:27
ecobici,ecobici_gbfs_station_status,2026-09-04T19:07:47Z,2026-09-04,20260904T190746Z,302,14,1,20,0,1,1,1,1788547692,False,False,2026-09-04 18:48:12
ecobici,ecobici_gbfs_station_status,2026-09-04T19:07:47Z,2026-09-04,20260904T190746Z,303,21,0,6,0,1,1,1,1788546938,False,False,2026-09-04 18:35:38
ecobici,ecobici_gbfs_station_status,2026-09-04T19:07:47Z,2026-09-04,20260904T190746Z,304,16,2,13,0,1,1,1,1788548042,False,False,2026-09-04 18:54:02
ecobici,ecobici_gbfs_station_status,2026-09-04T19:07:47Z,2026-09-04,20260904T190746Z,305,0,0,39,0,1,1,1,1788544959,False,False,2026-09-04 18:02:39
ecobici,ecobici_gbfs_station_status,2026-09-04T19:07:47Z,2026-09-04,20260904T190746Z,306,16,0,7,0,1,1,1,1788541124,False,False,2026-09-04 16:58:44
ecobici,ecobici_gbfs_station_status,2026-09-04T19:07:47Z,2026-09-04,20260904T190746Z,307,37,0,2,0,1,1,1,1788545974,False,False,2026-09-04 18:19:34
ecobici,ecobici_gbfs_station_status,2026-09-04T19:07:47Z,2026-09-04,20260904T190746Z,309,1,1,25,0,1,1,1,1788548650,False,False,2026-09-04 19:04:10
ecobici,ecobici_gbfs_station_status,2026-09-04T19:07:47Z,2026-09-04,20260904T190746Z,311,5,3,11,0,1,1,1,1788548658,False,False,2026-09-04 19:04:18
ecobici,ecobici_gbfs_station_status,2026-09-04T19:07:47Z,2026-09-04,20260904T190746Z,312,16,0,7,0,1,1,1,1788548051,False,False,2026-09-04 18:54:11
ecobici,ecobici_gbfs_station_status,2026-09-04T19:07:47Z,2026-09-04,20260904T190746Z,313,1,2,72,0,1,1,1,1788548350,False,False,2026-09-04 18:59:10
ecobici,ecobici_gbfs_station_status,2026-09-04T19:07:47Z,2026-09-04,20260904T190746Z,314,19,0,0,0,1,1,1,1788548787,False,False,2026-09-04 19:06:27
ecobici,ecobici_gbfs_station_status,2026-09-04T19:07:47Z,2026-09-04,20260904T190746Z,315,17,2,6,0,1,1,1,1788548854,False,False,2026-09-04 19:07:34
ecobici,ecobici_gbfs_station_status,2026-09-04T19:07:47Z,2026-09-04,20260904T190746Z,316,19,2,4,0,1,1,1,1788548854,False,False,2026-09-04 19:07:34
ecobici,ecobici_gbfs_station_status,2026-09-04T19:07:47Z,2026-09-04,20260904T190746Z,317,23,1,3,0,1,1,1,1788548580,False,False,2026-09-04 19:03:00
ecobici,ecobici_gbfs_station_status,2026-09-04T19:07:47Z,2026-09-04,20260904T190746Z,318,21,1,3,0,1,1,1,1788547541,False,False,2026-09-04 18:45:41
ecobici,ecobici_gbfs_station_status,2026-09-04T19:07:47Z,2026-09-04,20260904T190746Z,319,22,0,1,0,1,1,1,1788548761,False,False,2026-09-04 19:06:01
ecobici,ecobici_gbfs_station_status,2026-09-04T19:07:47Z,2026-09-04,20260904T190746Z,320,2,2,13,0,1,1,1,1788548139,False,False,2026-09-04 18:55:39
ecobici,ecobici_gbfs_station_status,2026-09-04T19:07:47Z,2026-09-04,20260904T190746Z,321,11,0,4,0,1,1,1,1788548820,False,False,2026-09-04 19:07:00
ecobici,ecobici_gbfs_station_status,2026-09-04T19:07:47Z,2026-09-04,20260904T190746Z,322,33,0,0,0,1,1,1,1788545529,False,False,2026-09-04 18:12:09
ecobici,ecobici_gbfs_station_status,2026-09-04T19:07:47Z,2026-09-04,20260904T190746Z,323,6,0,11,0,1,1,1,1788548543,False,False,2026-09-04 19:02:23
ecobici,ecobici_gbfs_station_status,2026-09-04T19:07:47Z,2026-09-04,20260904T190746Z,324,33,0,2,0,1,1,1,1788548741,False,False,2026-09-04 19:05:41
ecobici,ecobici_gbfs_station_status,2026-09-04T19:07:47Z,2026-09-04,20260904T190746Z,325,9,1,23,0,1,1,1,1788548854,False,False,2026-09-04 19:07:34
ecobici,ecobici_gbfs_station_status,2026-09-04T19:07:47Z,2026-09-04,20260904T190746Z,326,30,0,1,0,1,1,1,1788548734,False,False,2026-09-04 19:05:34
ecobici,ecobici_gbfs_station_status,2026-09-04T19:07:47Z,2026-09-04,20260904T190746Z,327,16,6,5,0,1,1,1,1788548629,False,False,2026-09-04 19:03:49
ecobici,ecobici_gbfs_station_status,2026-09-04T19:07:47Z,2026-09-04,20260904T190746Z,328,4,3,20,0,1,1,1,1788548515,False,False,2026-09-04 19:01:55
ecobici,ecobici_gbfs_station_status,2026-09-04T19:07:47Z,2026-09-04,20260904T190746Z,329,24,4,3,0,1,1,1,1788548401,False,False,2026-09-04 19:00:01
ecobici,ecobici_gbfs_station_status,2026-09-04T19:07:47Z,2026-09-04,20260904T190746Z,330,5,3,27,0,1,1,1,1788548855,False,False,2026-09-04 19:07:35
ecobici,ecobici_gbfs_station_status,2026-09-04T19:07:47Z,2026-09-04,20260904T190746Z,331,20,1,0,0,1,1,1,1788548289,False,False,2026-09-04 18:58:09
ecobici,ecobici_gbfs_station_status,2026-09-04T19:07:47Z,2026-09-04,20260904T190746Z,332,4,6,25,0,1,1,1,1788548679,False,False,2026-09-04 19:04:39
ecobici,ecobici_gbfs_station_status,2026-09-04T19:07:47Z,2026-09-04,20260904T190746Z,333,10,1,16,0,1,1,1,1788548760,False,False,2026-09-04 19:06:00
ecobici,ecobici_gbfs_station_status,2026-09-04T19:07:47Z,2026-09-04,20260904T190746Z,334,1,0,22,0,1,1,1,1788548045,False,False,2026-09-04 18:54:05
ecobici,ecobici_gbfs_station_status,2026-09-04T19:07:47Z,2026-09-04,20260904T190746Z,335,11,0,4,0,1,1,1,1788547999,False,False,2026-09-04 18:53:19
ecobici,ecobici_gbfs_station_status,2026-09-04T19:07:47Z,2026-09-04,20260904T190746Z,336,1,2,20,0,1,1,1,1788548800,False,False,2026-09-04 19:06:40
ecobici,ecobici_gbfs_station_status,2026-09-04T19:07:47Z,2026-09-04,20260904T190746Z,337,0,3,20,0,1,1,1,1788548761,False,False,2026-09-04 19:06:01
ecobici,ecobici_gbfs_station_status,2026-09-04T19:07:47Z,2026-09-04,20260904T190746Z,338,1,2,16,0,1,1,1,1788548818,False,False,2026-09-04 19:06:58
ecobici,ecobici_gbfs_station_status,2026-09-04T19:07:47Z,2026-09-04,20260904T190746Z,339,2,2,31,0,1,1,1,1788548557,False,False,2026-09-04 19:02:37
ecobici,ecobici_gbfs_station_status,2026-09-04T19:07:47Z,2026-09-04,20260904T190746Z,340,13,0,10,0,1,1,1,1788548743,False,False,2026-09-04 19:05:43
ecobici,ecobici_gbfs_station_status,2026-09-04T19:07:47Z,2026-09-04,20260904T190746Z,341,10,1,14,0,1,1,1,1788548690,False,False,2026-09-04 19:04:50
ecobici,ecobici_gbfs_station_status,2026-09-04T19:07:47Z,2026-09-04,20260904T190746Z,342,6,1,24,0,1,1,1,1788548565,False,False,2026-09-04 19:02:45
ecobici,ecobici_gbfs_station_status,2026-09-04T19:07:47Z,2026-09-04,20260904T190746Z,343,17,1,1,0,1,1,1,1788548821,False,False,2026-09-04 19:07:01
ecobici,ecobici_gbfs_station_status,2026-09-04T19:07:47Z,2026-09-04,20260904T190746Z,344,0,1,22,0,1,1,1,1788547067,False,False,2026-09-04 18:37:47
ecobici,ecobici_gbfs_station_status,2026-09-04T19:07:47Z,2026-09-04,20260904T190746Z,345,2,2,23,0,1,1,1,1788548283,False,False,2026-09-04 18:58:03
ecobici,ecobici_gbfs_station_status,2026-09-04T19:07:47Z,2026-09-04,20260904T190746Z,346,5,1,21,0,1,1,1,1788548770,False,False,2026-09-04 19:06:10
ecobici,ecobici_gbfs_station_status,2026-09-04T19:07:47Z,2026-09-04,20260904T190746Z,347,2,1,20,0,1,1,1,1788548687,False,False,2026-09-04 19:04:47
ecobici,ecobici_gbfs_station_status,2026-09-04T19:07:47Z,2026-09-04,20260904T190746Z,348,0,1,22,0,1,1,1,1788548699,False,False,2026-09-04 19:04:59
ecobici,ecobici_gbfs_station_status,2026-09-04T19:07:47Z,2026-09-04,20260904T190746Z,349,0,0,27,0,1,1,1,1788547787,False,False,2026-09-04 18:49:47
ecobici,ecobici_gbfs_station_status,2026-09-04T19:07:47Z,2026-09-04,20260904T190746Z,350,17,1,9,0,1,1,1,1788547303,False,False,2026-09-04 18:41:43
ecobici,ecobici_gbfs_station_status,2026-09-04T19:07:47Z,2026-09-04,20260904T190746Z,352,19,0,0,0,1,1,1,1788548841,False,False,2026-09-04 19:07:21
ecobici,ecobici_gbfs_station_status,2026-09-04T19:07:47Z,2026-09-04,20260904T190746Z,353,0,1,14,0,1,1,1,1788548137,False,False,2026-09-04 18:55:37
ecobici,ecobici_gbfs_station_status,2026-09-04T19:07:47Z,2026-09-04,20260904T190746Z,354,7,0,12,0,1,1,1,1788548769,False,False,2026-09-04 19:06:09
ecobici,ecobici_gbfs_station_status,2026-09-04T19:07:47Z,2026-09-04,20260904T190746Z,355,21,1,17,0,1,1,1,1788547780,False,False,2026-09-04 18:49:40
ecobici,ecobici_gbfs_station_status,2026-09-04T19:07:47Z,2026-09-04,20260904T190746Z,356,4,2,13,0,1,1,1,1788548849,False,False,2026-09-04 19:07:29
ecobici,ecobici_gbfs_station_status,2026-09-04T19:07:47Z,2026-09-04,20260904T190746Z,357,0,1,18,0,1,1,1,1788548449,False,False,2026-09-04 19:00:49
ecobici,ecobici_gbfs_station_status,2026-09-04T19:07:47Z,2026-09-04,20260904T190746Z,358,0,0,23,0,1,1,1,1788546765,False,False,2026-09-04 18:32:45
ecobici,ecobici_gbfs_station_status,2026-09-04T19:07:47Z,2026-09-04,20260904T190746Z,359,18,0,17,0,1,1,1,1788548154,False,False,2026-09-04 18:55:54
ecobici,ecobici_gbfs_station_status,2026-09-04T19:07:47Z,2026-09-04,20260904T190746Z,360,3,0,20,0,1,1,1,1788547983,False,False,2026-09-04 18:53:03
ecobici,ecobici_gbfs_station_status,2026-09-04T19:07:47Z,2026-09-04,20260904T190746Z,361,14,1,20,0,1,1,1,1788548841,False,False,2026-09-04 19:07:21
ecobici,ecobici_gbfs_station_status,2026-09-04T19:07:47Z,2026-09-04,20260904T190746Z,362,9,0,14,0,1,1,1,1788548801,False,False,2026-09-04 19:06:41
ecobici,ecobici_gbfs_station_status,2026-09-04T19:07:47Z,2026-09-04,20260904T190746Z,363,0,0,3,11,1,0,0,1782054763,False,False,2026-06-21 15:12:43
ecobici,ecobici_gbfs_station_status,2026-09-04T19:07:47Z,2026-09-04,20260904T190746Z,364,6,0,21,0,1,1,1,1788547956,False,False,2026-09-04 18:52:36
ecobici,ecobici_gbfs_station_status,2026-09-04T19:07:47Z,2026-09-04,20260904T190746Z,365,4,3,16,0,1,1,1,1788548359,False,False,2026-09-04 18:59:19
ecobici,ecobici_gbfs_station_status,2026-09-04T19:07:47Z,2026-09-04,20260904T190746Z,366,0,0,23,0,1,1,1,1788546791,False,False,2026-09-04 18:33:11
ecobici,ecobici_gbfs_station_status,2026-09-04T19:07:47Z,2026-09-04,20260904T190746Z,367,4,1,30,0,1,1,1,1788548527,False,False,2026-09-04 19:02:07
ecobici,ecobici_gbfs_station_status,2026-09-04T19:07:47Z,2026-09-04,20260904T190746Z,368,6,0,13,0,1,1,1,1788548523,False,False,2026-09-04 19:02:03
ecobici,ecobici_gbfs_station_status,2026-09-04T19:07:47Z,2026-09-04,20260904T190746Z,369,17,0,2,0,1,1,1,1788548243,False,False,2026-09-04 18:57:23
ecobici,ecobici_gbfs_station_status,2026-09-04T19:07:47Z,2026-09-04,20260904T190746Z,370,9,0,26,0,1,1,1,1788548819,False,False,2026-09-04 19:06:59
ecobici,ecobici_gbfs_station_status,2026-09-04T19:07:47Z,2026-09-04,20260904T190746Z,371,3,1,19,0,1,1,1,1788548840,False,False,2026-09-04 19:07:20
ecobici,ecobici_gbfs_station_status,2026-09-04T19:07:47Z,2026-09-04,20260904T190746Z,372,1,1,13,0,1,1,1,1788548819,False,False,2026-09-04 19:06:59
ecobici,ecobici_gbfs_station_status,2026-09-04T19:07:47Z,2026-09-04,20260904T190746Z,373,1,0,34,0,1,1,1,1788548489,False,False,2026-09-04 19:01:29
ecobici,ecobici_gbfs_station_status,2026-09-04T19:07:47Z,2026-09-04,20260904T190746Z,374,5,0,30,0,1,1,1,1788548783,False,False,2026-09-04 19:06:23
ecobici,ecobici_gbfs_station_status,2026-09-04T19:07:47Z,2026-09-04,20260904T190746Z,375,5,1,29,0,1,1,1,1788548713,False,False,2026-09-04 19:05:13
ecobici,ecobici_gbfs_station_status,2026-09-04T19:07:47Z,2026-09-04,20260904T190746Z,376,3,2,30,0,1,1,1,1788548838,False,False,2026-09-04 19:07:18
ecobici,ecobici_gbfs_station_status,2026-09-04T19:07:47Z,2026-09-04,20260904T190746Z,377,6,2,15,0,1,1,1,1788548264,False,False,2026-09-04 18:57:44
ecobici,ecobici_gbfs_station_status,2026-09-04T19:07:47Z,2026-09-04,20260904T190746Z,378,7,1,15,0,1,1,1,1788544305,False,False,2026-09-04 17:51:45
ecobici,ecobici_gbfs_station_status,2026-09-04T19:07:47Z,2026-09-04,20260904T190746Z,379,7,4,16,0,1,1,1,1788547778,False,False,2026-09-04 18:49:38
ecobici,ecobici_gbfs_station_status,2026-09-04T19:07:47Z,2026-09-04,20260904T190746Z,380,7,1,23,0,1,1,1,1788547306,False,False,2026-09-04 18:41:46
ecobici,ecobici_gbfs_station_status,2026-09-04T19:07:47Z,2026-09-04,20260904T190746Z,381,4,2,25,0,1,1,1,1788548786,False,False,2026-09-04 19:06:26
ecobici,ecobici_gbfs_station_status,2026-09-04T19:07:47Z,2026-09-04,20260904T190746Z,382,5,1,21,0,1,1,1,1788548019,False,False,2026-09-04 18:53:39
ecobici,ecobici_gbfs_station_status,2026-09-04T19:07:47Z,2026-09-04,20260904T190746Z,383,0,0,31,0,1,1,1,1788546866,False,False,2026-09-04 18:34:26
ecobici,ecobici_gbfs_station_status,2026-09-04T19:07:47Z,2026-09-04,20260904T190746Z,384,6,1,16,0,1,1,1,1788548858,False,False,2026-09-04 19:07:38
ecobici,ecobici_gbfs_station_status,2026-09-04T19:07:47Z,2026-09-04,20260904T190746Z,385,19,0,16,0,1,1,1,1788547620,False,False,2026-09-04 18:47:00
ecobici,ecobici_gbfs_station_status,2026-09-04T19:07:47Z,2026-09-04,20260904T190746Z,386,1,0,26,0,1,1,1,1788548370,False,False,2026-09-04 18:59:30
ecobici,ecobici_gbfs_station_status,2026-09-04T19:07:47Z,2026-09-04,20260904T190746Z,387,0,1,14,0,1,1,1,1788548785,False,False,2026-09-04 19:06:25
ecobici,ecobici_gbfs_station_status,2026-09-04T19:07:47Z,2026-09-04,20260904T190746Z,388,0,0,19,0,1,1,1,1788545268,False,False,2026-09-04 18:07:48
ecobici,ecobici_gbfs_station_status,2026-09-04T19:07:47Z,2026-09-04,20260904T190746Z,389,6,0,9,0,1,1,1,1788548548,False,False,2026-09-04 19:02:28
ecobici,ecobici_gbfs_station_status,2026-09-04T19:07:47Z,2026-09-04,20260904T190746Z,390,2,0,25,0,1,1,1,1788548850,False,False,2026-09-04 19:07:30
ecobici,ecobici_gbfs_station_status,2026-09-04T19:07:47Z,2026-09-04,20260904T190746Z,391,4,1,26,0,1,1,1,1788548702,False,False,2026-09-04 19:05:02
ecobici,ecobici_gbfs_station_status,2026-09-04T19:07:47Z,2026-09-04,20260904T190746Z,392,17,1,9,0,1,1,1,1788548380,False,False,2026-09-04 18:59:40
ecobici,ecobici_gbfs_station_status,2026-09-04T19:07:47Z,2026-09-04,20260904T190746Z,393,0,0,35,0,1,1,1,1788548696,False,False,2026-09-04 19:04:56
ecobici,ecobici_gbfs_station_status,2026-09-04T19:07:47Z,2026-09-04,20260904T190746Z,394,5,1,17,0,1,1,1,1788547643,False,False,2026-09-04 18:47:23
ecobici,ecobici_gbfs_station_status,2026-09-04T19:07:47Z,2026-09-04,20260904T190746Z,395,0,0,23,0,1,1,1,1788547924,False,False,2026-09-04 18:52:04
ecobici,ecobici_gbfs_station_status,2026-09-04T19:07:47Z,2026-09-04,20260904T190746Z,396,2,0,25,0,1,1,1,1788548808,False,False,2026-09-04 19:06:48
ecobici,ecobici_gbfs_station_status,2026-09-04T19:07:47Z,2026-09-04,20260904T190746Z,397,0,0,31,0,1,1,1,1788548159,False,False,2026-09-04 18:55:59
ecobici,ecobici_gbfs_station_status,2026-09-04T19:07:47Z,2026-09-04,20260904T190746Z,398,9,3,11,0,1,1,1,1788548649,False,False,2026-09-04 19:04:09
ecobici,ecobici_gbfs_station_status,2026-09-04T19:07:47Z,2026-09-04,20260904T190746Z,399,18,1,0,0,1,1,1,1788548838,False,False,2026-09-04 19:07:18
ecobici,ecobici_gbfs_station_status,2026-09-04T19:07:47Z,2026-09-04,20260904T190746Z,400,3,0,32,0,1,1,1,1788548627,False,False,2026-09-04 19:03:47
ecobici,ecobici_gbfs_station_status,2026-09-04T19:07:47Z,2026-09-04,20260904T190746Z,401,4,0,23,0,1,1,1,1788548521,False,False,2026-09-04 19:02:01
ecobici,ecobici_gbfs_station_status,2026-09-04T19:07:47Z,2026-09-04,20260904T190746Z,402,0,0,19,0,1,1,1,1788548647,False,False,2026-09-04 19:04:07
ecobici,ecobici_gbfs_station_status,2026-09-04T19:07:47Z,2026-09-04,20260904T190746Z,403,6,1,18,2,1,1,1,1788548401,False,False,2026-09-04 19:00:01
ecobici,ecobici_gbfs_station_status,2026-09-04T19:07:47Z,2026-09-04,20260904T190746Z,404,1,0,34,0,1,1,1,1788548810,False,False,2026-09-04 19:06:50
ecobici,ecobici_gbfs_station_status,2026-09-04T19:07:47Z,2026-09-04,20260904T190746Z,405,6,0,25,0,1,1,1,1788548348,False,False,2026-09-04 18:59:08
ecobici,ecobici_gbfs_station_status,2026-09-04T19:07:47Z,2026-09-04,20260904T190746Z,406,11,1,7,0,1,1,1,1788547769,False,False,2026-09-04 18:49:29
ecobici,ecobici_gbfs_station_status,2026-09-04T19:07:47Z,2026-09-04,20260904T190746Z,407,9,0,22,0,1,1,1,1788548676,False,False,2026-09-04 19:04:36
ecobici,ecobici_gbfs_station_status,2026-09-04T19:07:47Z,2026-09-04,20260904T190746Z,408,5,0,22,0,1,1,1,1788548733,False,False,2026-09-04 19:05:33
ecobici,ecobici_gbfs_station_status,2026-09-04T19:07:47Z,2026-09-04,20260904T190746Z,409,14,0,17,0,1,1,1,1788548513,False,False,2026-09-04 19:01:53
ecobici,ecobici_gbfs_station_status,2026-09-04T19:07:47Z,2026-09-04,20260904T190746Z,410,7,0,16,0,1,1,1,1788548821,False,False,2026-09-04 19:07:01
ecobici,ecobici_gbfs_station_status,2026-09-04T19:07:47Z,2026-09-04,20260904T190746Z,411,19,0,8,0,1,1,1,1788548789,False,False,2026-09-04 19:06:29
ecobici,ecobici_gbfs_station_status,2026-09-04T19:07:47Z,2026-09-04,20260904T190746Z,412,2,0,21,0,1,1,1,1788547878,False,False,2026-09-04 18:51:18
ecobici,ecobici_gbfs_station_status,2026-09-04T19:07:47Z,2026-09-04,20260904T190746Z,413,1,0,18,0,1,1,1,1788548843,False,False,2026-09-04 19:07:23
ecobici,ecobici_gbfs_station_status,2026-09-04T19:07:47Z,2026-09-04,20260904T190746Z,414,6,0,21,0,1,1,1,1788548092,False,False,2026-09-04 18:54:52
ecobici,ecobici_gbfs_station_status,2026-09-04T19:07:47Z,2026-09-04,20260904T190746Z,415,6,0,33,0,1,1,1,1788548707,False,False,2026-09-04 19:05:07
ecobici,ecobici_gbfs_station_status,2026-09-04T19:07:47Z,2026-09-04,20260904T190746Z,416,9,2,8,0,1,1,1,1788548483,False,False,2026-09-04 19:01:23
ecobici,ecobici_gbfs_station_status,2026-09-04T19:07:47Z,2026-09-04,20260904T190746Z,417,3,1,27,0,1,1,1,1788548858,False,False,2026-09-04 19:07:38
ecobici,ecobici_gbfs_station_status,2026-09-04T19:07:47Z,2026-09-04,20260904T190746Z,418,11,1,3,0,1,1,1,1788547990,False,False,2026-09-04 18:53:10
ecobici,ecobici_gbfs_station_status,2026-09-04T19:07:47Z,2026-09-04,20260904T190746Z,419,12,0,23,0,1,1,1,1788548274,False,False,2026-09-04 18:57:54
ecobici,ecobici_gbfs_station_status,2026-09-04T19:07:47Z,2026-09-04,20260904T190746Z,420,11,1,27,0,1,1,1,1788548670,False,False,2026-09-04 19:04:30
ecobici,ecobici_gbfs_station_status,2026-09-04T19:07:47Z,2026-09-04,20260904T190746Z,421,19,0,0,0,1,1,1,1788548822,False,False,2026-09-04 19:07:02
ecobici,ecobici_gbfs_station_status,2026-09-04T19:07:47Z,2026-09-04,20260904T190746Z,422,1,0,18,0,1,1,1,1788548819,False,False,2026-09-04 19:06:59
ecobici,ecobici_gbfs_station_status,2026-09-04T19:07:47Z,2026-09-04,20260904T190746Z,423,6,0,24,0,1,1,1,1788548429,False,False,2026-09-04 19:00:29
ecobici,ecobici_gbfs_station_status,2026-09-04T19:07:47Z,2026-09-04,20260904T190746Z,424,13,1,13,0,1,1,1,1788548482,False,False,2026-09-04 19:01:22
ecobici,ecobici_gbfs_station_status,2026-09-04T19:07:47Z,2026-09-04,20260904T190746Z,425,10,1,24,0,1,1,1,1788548608,False,False,2026-09-04 19:03:28
ecobici,ecobici_gbfs_station_status,2026-09-04T19:07:47Z,2026-09-04,20260904T190746Z,426,3,0,16,0,1,1,1,1788547157,False,False,2026-09-04 18:39:17
ecobici,ecobici_gbfs_station_status,2026-09-04T19:07:47Z,2026-09-04,20260904T190746Z,427,14,1,8,0,1,1,1,1788548548,False,False,2026-09-04 19:02:28
ecobici,ecobici_gbfs_station_status,2026-09-04T19:07:47Z,2026-09-04,20260904T190746Z,428,8,0,11,0,1,1,1,1788547085,False,False,2026-09-04 18:38:05
ecobici,ecobici_gbfs_station_status,2026-09-04T19:07:47Z,2026-09-04,20260904T190746Z,429,2,0,24,0,1,1,1,1788547715,False,False,2026-09-04 18:48:35
ecobici,ecobici_gbfs_station_status,2026-09-04T19:07:47Z,2026-09-04,20260904T190746Z,430,11,2,13,0,1,1,1,1788548532,False,False,2026-09-04 19:02:12
ecobici,ecobici_gbfs_station_status,2026-09-04T19:07:47Z,2026-09-04,20260904T190746Z,431,2,0,21,0,1,1,1,1788548436,False,False,2026-09-04 19:00:36
ecobici,ecobici_gbfs_station_status,2026-09-04T19:07:47Z,2026-09-04,20260904T190746Z,432,8,0,23,0,1,1,1,1788548775,False,False,2026-09-04 19:06:15
ecobici,ecobici_gbfs_station_status,2026-09-04T19:07:47Z,2026-09-04,20260904T190746Z,433,2,0,13,0,1,1,1,1788548365,False,False,2026-09-04 18:59:25
ecobici,ecobici_gbfs_station_status,2026-09-04T19:07:47Z,2026-09-04,20260904T190746Z,434,0,1,18,0,1,1,1,1788540425,False,False,2026-09-04 16:47:05
ecobici,ecobici_gbfs_station_status,2026-09-04T19:07:47Z,2026-09-04,20260904T190746Z,435,3,0,28,0,1,1,1,1788546860,False,False,2026-09-04 18:34:20
ecobici,ecobici_gbfs_station_status,2026-09-04T19:07:47Z,2026-09-04,20260904T190746Z,436,5,2,12,0,1,1,1,1788548554,False,False,2026-09-04 19:02:34
ecobici,ecobici_gbfs_station_status,2026-09-04T19:07:47Z,2026-09-04,20260904T190746Z,437,0,1,30,0,1,1,1,1788548639,False,False,2026-09-04 19:03:59
ecobici,ecobici_gbfs_station_status,2026-09-04T19:07:47Z,2026-09-04,20260904T190746Z,438,12,1,10,0,1,1,1,1788547802,False,False,2026-09-04 18:50:02
ecobici,ecobici_gbfs_station_status,2026-09-04T19:07:47Z,2026-09-04,20260904T190746Z,439,18,3,14,0,1,1,1,1788548020,False,False,2026-09-04 18:53:40
ecobici,ecobici_gbfs_station_status,2026-09-04T19:07:47Z,2026-09-04,20260904T190746Z,440,22,1,0,0,1,1,1,1788548811,False,False,2026-09-04 19:06:51
ecobici,ecobici_gbfs_station_status,2026-09-04T19:07:47Z,2026-09-04,20260904T190746Z,441,14,0,9,0,1,1,1,1788548184,False,False,2026-09-04 18:56:24
ecobici,ecobici_gbfs_station_status,2026-09-04T19:07:47Z,2026-09-04,20260904T190746Z,442,0,1,18,0,1,1,1,1788547895,False,False,2026-09-04 18:51:35
ecobici,ecobici_gbfs_station_status,2026-09-04T19:07:47Z,2026-09-04,20260904T190746Z,443,2,0,25,0,1,1,1,1788547914,False,False,2026-09-04 18:51:54
ecobici,ecobici_gbfs_station_status,2026-09-04T19:07:47Z,2026-09-04,20260904T190746Z,444,4,0,15,0,1,1,1,1788548628,False,False,2026-09-04 19:03:48
ecobici,ecobici_gbfs_station_status,2026-09-04T19:07:47Z,2026-09-04,20260904T190746Z,445,9,2,20,0,1,1,1,1788548779,False,False,2026-09-04 19:06:19
ecobici,ecobici_gbfs_station_status,2026-09-04T19:07:47Z,2026-09-04,20260904T190746Z,446,11,1,3,0,1,1,1,1788548784,False,False,2026-09-04 19:06:24
ecobici,ecobici_gbfs_station_status,2026-09-04T19:07:47Z,2026-09-04,20260904T190746Z,447,0,2,25,0,1,1,1,1788547607,False,False,2026-09-04 18:46:47
ecobici,ecobici_gbfs_station_status,2026-09-04T19:07:47Z,2026-09-04,20260904T190746Z,448,0,1,30,0,1,1,1,1788548780,False,False,2026-09-04 19:06:20
ecobici,ecobici_gbfs_station_status,2026-09-04T19:07:47Z,2026-09-04,20260904T190746Z,449,3,0,24,0,1,1,1,1788548563,False,False,2026-09-04 19:02:43
ecobici,ecobici_gbfs_station_status,2026-09-04T19:07:47Z,2026-09-04,20260904T190746Z,450,0,1,22,0,1,1,1,1788547865,False,False,2026-09-04 18:51:05
ecobici,ecobici_gbfs_station_status,2026-09-04T19:07:47Z,2026-09-04,20260904T190746Z,451,24,0,1,0,1,1,1,1788548629,False,False,2026-09-04 19:03:49
ecobici,ecobici_gbfs_station_status,2026-09-04T19:07:47Z,2026-09-04,20260904T190746Z,452,0,2,33,0,1,1,1,1788548426,False,False,2026-09-04 19:00:26
ecobici,ecobici_gbfs_station_status,2026-09-04T19:07:47Z,2026-09-04,20260904T190746Z,453,5,0,22,0,1,1,1,1788546969,False,False,2026-09-04 18:36:09
ecobici,ecobici_gbfs_station_status,2026-09-04T19:07:47Z,2026-09-04,20260904T190746Z,454,6,0,21,0,1,1,1,1788548842,False,False,2026-09-04 19:07:22
ecobici,ecobici_gbfs_station_status,2026-09-04T19:07:47Z,2026-09-04,20260904T190746Z,455,13,1,9,0,1,1,1,1788548764,False,False,2026-09-04 19:06:04
ecobici,ecobici_gbfs_station_status,2026-09-04T19:07:47Z,2026-09-04,20260904T190746Z,456,7,0,12,0,1,1,1,1788548772,False,False,2026-09-04 19:06:12
ecobici,ecobici_gbfs_station_status,2026-09-04T19:07:47Z,2026-09-04,20260904T190746Z,457,1,0,22,0,1,1,1,1788548225,False,False,2026-09-04 18:57:05
ecobici,ecobici_gbfs_station_status,2026-09-04T19:07:47Z,2026-09-04,20260904T190746Z,458,14,0,1,0,1,1,1,1788548733,False,False,2026-09-04 19:05:33
ecobici,ecobici_gbfs_station_status,2026-09-04T19:07:47Z,2026-09-04,20260904T190746Z,459,1,0,22,0,1,1,1,1788548640,False,False,2026-09-04 19:04:00
ecobici,ecobici_gbfs_station_status,2026-09-04T19:07:47Z,2026-09-04,20260904T190746Z,460,3,0,16,0,1,1,1,1788548585,False,False,2026-09-04 19:03:05
ecobici,ecobici_gbfs_station_status,2026-09-04T19:07:47Z,2026-09-04,20260904T190746Z,461,27,0,4,0,1,1,1,1788548659,False,False,2026-09-04 19:04:19
ecobici,ecobici_gbfs_station_status,2026-09-04T19:07:47Z,2026-09-04,20260904T190746Z,462,1,1,25,0,1,1,1,1788548387,False,False,2026-09-04 18:59:47
ecobici,ecobici_gbfs_station_status,2026-09-04T19:07:47Z,2026-09-04,20260904T190746Z,463,0,1,22,0,1,1,1,1788547419,False,False,2026-09-04 18:43:39
ecobici,ecobici_gbfs_station_status,2026-09-04T19:07:47Z,2026-09-04,20260904T190746Z,464,4,1,20,0,1,1,1,1788547409,False,False,2026-09-04 18:43:29
ecobici,ecobici_gbfs_station_status,2026-09-04T19:07:47Z,2026-09-04,20260904T190746Z,465,9,0,10,0,1,1,1,1788548769,False,False,2026-09-04 19:06:09
ecobici,ecobici_gbfs_station_status,2026-09-04T19:07:47Z,2026-09-04,20260904T190746Z,466,3,1,31,0,1,1,1,1788548546,False,False,2026-09-04 19:02:26
ecobici,ecobici_gbfs_station_status,2026-09-04T19:07:47Z,2026-09-04,20260904T190746Z,467,4,4,15,0,1,1,1,1788548794,False,False,2026-09-04 19:06:34
ecobici,ecobici_gbfs_station_status,2026-09-04T19:07:47Z,2026-09-04,20260904T190746Z,468,0,2,29,0,1,1,1,1788548759,False,False,2026-09-04 19:05:59
ecobici,ecobici_gbfs_station_status,2026-09-04T19:07:47Z,2026-09-04,20260904T190746Z,469,4,1,34,0,1,1,1,1788548852,False,False,2026-09-04 19:07:32
ecobici,ecobici_gbfs_station_status,2026-09-04T19:07:47Z,2026-09-04,20260904T190746Z,470,0,1,22,0,1,1,1,1788545135,False,False,2026-09-04 18:05:35
ecobici,ecobici_gbfs_station_status,2026-09-04T19:07:47Z,2026-09-04,20260904T190746Z,471,11,0,6,0,1,1,1,1788548423,False,False,2026-09-04 19:00:23
ecobici,ecobici_gbfs_station_status,2026-09-04T19:07:47Z,2026-09-04,20260904T190746Z,472,16,0,5,0,1,1,1,1788548674,False,False,2026-09-04 19:04:34
ecobici,ecobici_gbfs_station_status,2026-09-04T19:07:47Z,2026-09-04,20260904T190746Z,473,5,1,29,0,1,1,1,1788548790,False,False,2026-09-04 19:06:30
ecobici,ecobici_gbfs_station_status,2026-09-04T19:07:47Z,2026-09-04,20260904T190746Z,474,1,0,18,0,1,1,1,1788548792,False,False,2026-09-04 19:06:32
ecobici,ecobici_gbfs_station_status,2026-09-04T19:07:47Z,2026-09-04,20260904T190746Z,475,4,1,30,0,1,1,1,1788548626,False,False,2026-09-04 19:03:46
ecobici,ecobici_gbfs_station_status,2026-09-04T19:07:47Z,2026-09-04,20260904T190746Z,476,1,4,22,0,1,1,1,1788548558,False,False,2026-09-04 19:02:38
ecobici,ecobici_gbfs_station_status,2026-09-04T19:07:47Z,2026-09-04,20260904T190746Z,477,0,0,37,0,1,1,1,1788548770,False,False,2026-09-04 19:06:10
ecobici,ecobici_gbfs_station_status,2026-09-04T19:07:47Z,2026-09-04,20260904T190746Z,478,0,1,22,0,1,1,1,1788548068,False,False,2026-09-04 18:54:28
ecobici,ecobici_gbfs_station_status,2026-09-04T19:07:47Z,2026-09-04,20260904T190746Z,479,5,0,46,0,1,1,1,1788548696,False,False,2026-09-04 19:04:56
ecobici,ecobici_gbfs_station_status,2026-09-04T19:07:47Z,2026-09-04,20260904T190746Z,480,2,1,32,0,1,1,1,1788548480,False,False,2026-09-04 19:01:20
ecobici,ecobici_gbfs_station_status,2026-09-04T19:07:47Z,2026-09-04,20260904T190746Z,481,1,0,18,0,1,1,1,1788548561,False,False,2026-09-04 19:02:41
ecobici,ecobici_gbfs_station_status,2026-09-04T19:07:47Z,2026-09-04,20260904T190746Z,482,3,0,24,0,1,1,1,1788548409,False,False,2026-09-04 19:00:09
ecobici,ecobici_gbfs_station_status,2026-09-04T19:07:47Z,2026-09-04,20260904T190746Z,483,4,0,27,0,1,1,1,1788548574,False,False,2026-09-04 19:02:54
ecobici,ecobici_gbfs_station_status,2026-09-04T19:07:47Z,2026-09-04,20260904T190746Z,484,0,4,36,0,1,1,1,1788548426,False,False,2026-09-04 19:00:26
ecobici,ecobici_gbfs_station_status,2026-09-04T19:07:47Z,2026-09-04,20260904T190746Z,485,18,0,1,0,1,1,1,1788547136,False,False,2026-09-04 18:38:56
ecobici,ecobici_gbfs_station_status,2026-09-04T19:07:47Z,2026-09-04,20260904T190746Z,486,1,1,25,0,1,1,1,1788548668,False,False,2026-09-04 19:04:28
ecobici,ecobici_gbfs_station_status,2026-09-04T19:07:47Z,2026-09-04,20260904T190746Z,487,0,0,23,0,1,1,1,1788547596,False,False,2026-09-04 18:46:36
ecobici,ecobici_gbfs_station_status,2026-09-04T19:07:47Z,2026-09-04,20260904T190746Z,488,2,1,24,0,1,1,1,1788548642,False,False,2026-09-04 19:04:02
ecobici,ecobici_gbfs_station_status,2026-09-04T19:07:47Z,2026-09-04,20260904T190746Z,489,5,1,17,0,1,1,1,1788548220,False,False,2026-09-04 18:57:00
ecobici,ecobici_gbfs_station_status,2026-09-04T19:07:47Z,2026-09-04,20260904T190746Z,490,4,0,27,0,1,1,1,1788548755,False,False,2026-09-04 19:05:55
ecobici,ecobici_gbfs_station_status,2026-09-04T19:07:47Z,2026-09-04,20260904T190746Z,491,0,0,23,0,1,1,1,1788547702,False,False,2026-09-04 18:48:22
ecobici,ecobici_gbfs_station_status,2026-09-04T19:07:47Z,2026-09-04,20260904T190746Z,492,16,1,14,0,1,1,1,1788548587,False,False,2026-09-04 19:03:07
ecobici,ecobici_gbfs_station_status,2026-09-04T19:07:47Z,2026-09-04,20260904T190746Z,493,0,0,27,0,1,1,1,1788548622,False,False,2026-09-04 19:03:42
ecobici,ecobici_gbfs_station_status,2026-09-04T19:07:47Z,2026-09-04,20260904T190746Z,494,0,0,23,0,1,1,1,1788547354,False,False,2026-09-04 18:42:34
ecobici,ecobici_gbfs_station_status,2026-09-04T19:07:47Z,2026-09-04,20260904T190746Z,495,5,0,18,0,1,1,1,1788547980,False,False,2026-09-04 18:53:00
ecobici,ecobici_gbfs_station_status,2026-09-04T19:07:47Z,2026-09-04,20260904T190746Z,496,18,0,17,0,1,1,1,1788547774,False,False,2026-09-04 18:49:34
ecobici,ecobici_gbfs_station_status,2026-09-04T19:07:47Z,2026-09-04,20260904T190746Z,497,7,0,28,0,1,1,1,1788548602,False,False,2026-09-04 19:03:22
ecobici,ecobici_gbfs_station_status,2026-09-04T19:07:47Z,2026-09-04,20260904T190746Z,498,3,0,20,0,1,1,1,1788548327,False,False,2026-09-04 18:58:47
ecobici,ecobici_gbfs_station_status,2026-09-04T19:07:47Z,2026-09-04,20260904T190746Z,499,7,1,15,0,1,1,1,1788548816,False,False,2026-09-04 19:06:56
ecobici,ecobici_gbfs_station_status,2026-09-04T19:07:47Z,2026-09-04,20260904T190746Z,500,7,0,16,0,1,1,1,1788548801,False,False,2026-09-04 19:06:41
ecobici,ecobici_gbfs_station_status,2026-09-04T19:07:47Z,2026-09-04,20260904T190746Z,501,1,0,30,0,1,1,1,1788547826,False,False,2026-09-04 18:50:26
ecobici,ecobici_gbfs_station_status,2026-09-04T19:07:47Z,2026-09-04,20260904T190746Z,502,7,0,20,0,1,1,1,1788548571,False,False,2026-09-04 19:02:51
ecobici,ecobici_gbfs_station_status,2026-09-04T19:07:47Z,2026-09-04,20260904T190746Z,503,0,0,39,0,1,1,1,1788539678,False,False,2026-09-04 16:34:38
ecobici,ecobici_gbfs_station_status,2026-09-04T19:07:47Z,2026-09-04,20260904T190746Z,504,0,0,27,0,1,1,1,1788547411,False,False,2026-09-04 18:43:31
ecobici,ecobici_gbfs_station_status,2026-09-04T19:07:47Z,2026-09-04,20260904T190746Z,505,5,1,17,0,1,1,1,1788548525,False,False,2026-09-04 19:02:05
ecobici,ecobici_gbfs_station_status,2026-09-04T19:07:47Z,2026-09-04,20260904T190746Z,506,13,0,26,0,1,1,1,1788548643,False,False,2026-09-04 19:04:03
ecobici,ecobici_gbfs_station_status,2026-09-04T19:07:47Z,2026-09-04,20260904T190746Z,507,0,1,26,0,1,1,1,1788545568,False,False,2026-09-04 18:12:48
ecobici,ecobici_gbfs_station_status,2026-09-04T19:07:47Z,2026-09-04,20260904T190746Z,508,4,0,27,0,1,1,1,1788548096,False,False,2026-09-04 18:54:56
ecobici,ecobici_gbfs_station_status,2026-09-04T19:07:47Z,2026-09-04,20260904T190746Z,509,2,1,27,0,1,1,1,1788547852,False,False,2026-09-04 18:50:52
ecobici,ecobici_gbfs_station_status,2026-09-04T19:07:47Z,2026-09-04,20260904T190746Z,510,6,0,17,0,1,1,1,1788548530,False,False,2026-09-04 19:02:10
ecobici,ecobici_gbfs_station_status,2026-09-04T19:07:47Z,2026-09-04,20260904T190746Z,511,0,1,30,0,1,1,1,1788548596,False,False,2026-09-04 19:03:16
ecobici,ecobici_gbfs_station_status,2026-09-04T19:07:47Z,2026-09-04,20260904T190746Z,512,8,0,11,0,1,1,1,1788548855,False,False,2026-09-04 19:07:35
ecobici,ecobici_gbfs_station_status,2026-09-04T19:07:47Z,2026-09-04,20260904T190746Z,513,4,0,29,0,1,1,1,1788547374,False,False,2026-09-04 18:42:54
ecobici,ecobici_gbfs_station_status,2026-09-04T19:07:47Z,2026-09-04,20260904T190746Z,514,1,0,26,0,1,1,1,1788548809,False,False,2026-09-04 19:06:49
ecobici,ecobici_gbfs_station_status,2026-09-04T19:07:47Z,2026-09-04,20260904T190746Z,515,2,0,29,0,1,1,1,1788548003,False,False,2026-09-04 18:53:23
ecobici,ecobici_gbfs_station_status,2026-09-04T19:07:47Z,2026-09-04,20260904T190746Z,516,1,0,34,0,1,1,1,1788547138,False,False,2026-09-04 18:38:58
ecobici,ecobici_gbfs_station_status,2026-09-04T19:07:47Z,2026-09-04,20260904T190746Z,517,2,1,24,0,1,1,1,1788548395,False,False,2026-09-04 18:59:55
ecobici,ecobici_gbfs_station_status,2026-09-04T19:07:47Z,2026-09-04,20260904T190746Z,518,2,0,21,0,1,1,1,1788547730,False,False,2026-09-04 18:48:50
ecobici,ecobici_gbfs_station_status,2026-09-04T19:07:47Z,2026-09-04,20260904T190746Z,519,19,1,3,0,1,1,1,1788548589,False,False,2026-09-04 19:03:09
ecobici,ecobici_gbfs_station_status,2026-09-04T19:07:47Z,2026-09-04,20260904T190746Z,520,3,0,20,0,1,1,1,1788548230,False,False,2026-09-04 18:57:10
ecobici,ecobici_gbfs_station_status,2026-09-04T19:07:47Z,2026-09-04,20260904T190746Z,521,2,0,21,0,1,1,1,1788548745,False,False,2026-09-04 19:05:45
ecobici,ecobici_gbfs_station_status,2026-09-04T19:07:47Z,2026-09-04,20260904T190746Z,522,3,0,16,0,1,1,1,1788548834,False,False,2026-09-04 19:07:14
ecobici,ecobici_gbfs_station_status,2026-09-04T19:07:47Z,2026-09-04,20260904T190746Z,523,4,3,16,0,1,1,1,1788548151,False,False,2026-09-04 18:55:51
ecobici,ecobici_gbfs_station_status,2026-09-04T19:07:47Z,2026-09-04,20260904T190746Z,524,4,0,27,0,1,1,1,1788547573,False,False,2026-09-04 18:46:13
ecobici,ecobici_gbfs_station_status,2026-09-04T19:07:47Z,2026-09-04,20260904T190746Z,525,4,1,30,0,1,1,1,1788548730,False,False,2026-09-04 19:05:30
ecobici,ecobici_gbfs_station_status,2026-09-04T19:07:47Z,2026-09-04,20260904T190746Z,526,3,0,28,0,1,1,1,1788548797,False,False,2026-09-04 19:06:37
ecobici,ecobici_gbfs_station_status,2026-09-04T19:07:47Z,2026-09-04,20260904T190746Z,527,2,0,29,0,1,1,1,1788547510,False,False,2026-09-04 18:45:10
ecobici,ecobici_gbfs_station_status,2026-09-04T19:07:47Z,2026-09-04,20260904T190746Z,528,20,1,10,0,1,1,1,1788547991,False,False,2026-09-04 18:53:11
ecobici,ecobici_gbfs_station_status,2026-09-04T19:07:47Z,2026-09-04,20260904T190746Z,529,5,1,29,0,1,1,1,1788548606,False,False,2026-09-04 19:03:26
ecobici,ecobici_gbfs_station_status,2026-09-04T19:07:47Z,2026-09-04,20260904T190746Z,530,6,0,17,0,1,1,1,1788548561,False,False,2026-09-04 19:02:41
ecobici,ecobici_gbfs_station_status,2026-09-04T19:07:47Z,2026-09-04,20260904T190746Z,531,1,1,25,0,1,1,1,1788548036,False,False,2026-09-04 18:53:56
ecobici,ecobici_gbfs_station_status,2026-09-04T19:07:47Z,2026-09-04,20260904T190746Z,532,4,1,18,0,1,1,1,1788547099,False,False,2026-09-04 18:38:19
ecobici,ecobici_gbfs_station_status,2026-09-04T19:07:47Z,2026-09-04,20260904T190746Z,533,2,0,29,0,1,1,1,1788547775,False,False,2026-09-04 18:49:35
ecobici,ecobici_gbfs_station_status,2026-09-04T19:07:47Z,2026-09-04,20260904T190746Z,534,9,2,16,0,1,1,1,1788548205,False,False,2026-09-04 18:56:45
ecobici,ecobici_gbfs_station_status,2026-09-04T19:07:47Z,2026-09-04,20260904T190746Z,535,1,1,21,0,1,1,1,1788548767,False,False,2026-09-04 19:06:07
ecobici,ecobici_gbfs_station_status,2026-09-04T19:07:47Z,2026-09-04,20260904T190746Z,536,3,0,20,0,1,1,1,1788548032,False,False,2026-09-04 18:53:52
ecobici,ecobici_gbfs_station_status,2026-09-04T19:07:47Z,2026-09-04,20260904T190746Z,537,4,0,23,0,1,1,1,1788548470,False,False,2026-09-04 19:01:10
ecobici,ecobici_gbfs_station_status,2026-09-04T19:07:47Z,2026-09-04,20260904T190746Z,538,3,1,18,0,1,1,1,1788548608,False,False,2026-09-04 19:03:28
ecobici,ecobici_gbfs_station_status,2026-09-04T19:07:47Z,2026-09-04,20260904T190746Z,539,0,2,21,0,1,1,1,1788548787,False,False,2026-09-04 19:06:27
ecobici,ecobici_gbfs_station_status,2026-09-04T19:07:47Z,2026-09-04,20260904T190746Z,540,0,2,25,0,1,1,1,1788547335,False,False,2026-09-04 18:42:15
ecobici,ecobici_gbfs_station_status,2026-09-04T19:07:47Z,2026-09-04,20260904T190746Z,541,4,0,19,0,1,1,1,1788548677,False,False,2026-09-04 19:04:37
ecobici,ecobici_gbfs_station_status,2026-09-04T19:07:47Z,2026-09-04,20260904T190746Z,542,1,2,20,0,1,1,1,1788546547,False,False,2026-09-04 18:29:07
ecobici,ecobici_gbfs_station_status,2026-09-04T19:07:47Z,2026-09-04,20260904T190746Z,543,2,1,20,0,1,1,1,1788548652,False,False,2026-09-04 19:04:12
ecobici,ecobici_gbfs_station_status,2026-09-04T19:07:47Z,2026-09-04,20260904T190746Z,544,1,1,21,0,1,1,1,1788548850,False,False,2026-09-04 19:07:30
ecobici,ecobici_gbfs_station_status,2026-09-04T19:07:47Z,2026-09-04,20260904T190746Z,545,7,0,20,0,1,1,1,1788548176,False,False,2026-09-04 18:56:16
ecobici,ecobici_gbfs_station_status,2026-09-04T19:07:47Z,2026-09-04,20260904T190746Z,546,0,0,23,0,1,1,1,1788547104,False,False,2026-09-04 18:38:24
ecobici,ecobici_gbfs_station_status,2026-09-04T19:07:47Z,2026-09-04,20260904T190746Z,547,2,0,25,0,1,1,1,1788548725,False,False,2026-09-04 19:05:25
ecobici,ecobici_gbfs_station_status,2026-09-04T19:07:47Z,2026-09-04,20260904T190746Z,548,1,1,21,0,1,1,1,1788548121,False,False,2026-09-04 18:55:21
ecobici,ecobici_gbfs_station_status,2026-09-04T19:07:47Z,2026-09-04,20260904T190746Z,549,0,0,23,0,1,1,1,1788546269,False,False,2026-09-04 18:24:29
ecobici,ecobici_gbfs_station_status,2026-09-04T19:07:47Z,2026-09-04,20260904T190746Z,550,9,1,17,0,1,1,1,1788548513,False,False,2026-09-04 19:01:53
ecobici,ecobici_gbfs_station_status,2026-09-04T19:07:47Z,2026-09-04,20260904T190746Z,551,1,2,36,0,1,1,1,1788548755,False,False,2026-09-04 19:05:55
ecobici,ecobici_gbfs_station_status,2026-09-04T19:07:47Z,2026-09-04,20260904T190746Z,552,25,1,1,0,1,1,1,1788548840,False,False,2026-09-04 19:07:20
ecobici,ecobici_gbfs_station_status,2026-09-04T19:07:47Z,2026-09-04,20260904T190746Z,553,5,1,17,0,1,1,1,1788548848,False,False,2026-09-04 19:07:28
ecobici,ecobici_gbfs_station_status,2026-09-04T19:07:47Z,2026-09-04,20260904T190746Z,554,8,2,21,0,1,1,1,1788548847,False,False,2026-09-04 19:07:27
ecobici,ecobici_gbfs_station_status,2026-09-04T19:07:47Z,2026-09-04,20260904T190746Z,555,2,0,33,0,1,1,1,1788548802,False,False,2026-09-04 19:06:42
ecobici,ecobici_gbfs_station_status,2026-09-04T19:07:47Z,2026-09-04,20260904T190746Z,556,17,0,10,0,1,1,1,1788547531,False,False,2026-09-04 18:45:31
ecobici,ecobici_gbfs_station_status,2026-09-04T19:07:47Z,2026-09-04,20260904T190746Z,557,7,0,16,0,1,1,1,1788543642,False,False,2026-09-04 17:40:42
ecobici,ecobici_gbfs_station_status,2026-09-04T19:07:47Z,2026-09-04,20260904T190746Z,558,3,1,29,0,1,1,1,1788548854,False,False,2026-09-04 19:07:34
ecobici,ecobici_gbfs_station_status,2026-09-04T19:07:47Z,2026-09-04,20260904T190746Z,559,8,0,19,0,1,1,1,1788547705,False,False,2026-09-04 18:48:25
ecobici,ecobici_gbfs_station_status,2026-09-04T19:07:47Z,2026-09-04,20260904T190746Z,560,1,0,26,0,1,1,1,1788548850,False,False,2026-09-04 19:07:30
ecobici,ecobici_gbfs_station_status,2026-09-04T19:07:47Z,2026-09-04,20260904T190746Z,561,1,0,18,0,1,1,1,1788546100,False,False,2026-09-04 18:21:40
ecobici,ecobici_gbfs_station_status,2026-09-04T19:07:47Z,2026-09-04,20260904T190746Z,562,0,0,27,0,1,1,1,1788545443,False,False,2026-09-04 18:10:43
ecobici,ecobici_gbfs_station_status,2026-09-04T19:07:47Z,2026-09-04,20260904T190746Z,563,3,1,23,0,1,1,1,1788548535,False,False,2026-09-04 19:02:15
ecobici,ecobici_gbfs_station_status,2026-09-04T19:07:47Z,2026-09-04,20260904T190746Z,564,6,1,28,0,1,1,1,1788548828,False,False,2026-09-04 19:07:08
ecobici,ecobici_gbfs_station_status,2026-09-04T19:07:47Z,2026-09-04,20260904T190746Z,565,0,3,24,0,1,1,1,1788545711,False,False,2026-09-04 18:15:11
ecobici,ecobici_gbfs_station_status,2026-09-04T19:07:47Z,2026-09-04,20260904T190746Z,566,2,2,27,0,1,1,1,1788548109,False,False,2026-09-04 18:55:09
ecobici,ecobici_gbfs_station_status,2026-09-04T19:07:47Z,2026-09-04,20260904T190746Z,567,1,0,18,0,1,1,1,1788548093,False,False,2026-09-04 18:54:53
ecobici,ecobici_gbfs_station_status,2026-09-04T19:07:47Z,2026-09-04,20260904T190746Z,568,0,2,27,0,1,1,1,1788548719,False,False,2026-09-04 19:05:19
ecobici,ecobici_gbfs_station_status,2026-09-04T19:07:47Z,2026-09-04,20260904T190746Z,569,0,1,30,0,1,1,1,1788548394,False,False,2026-09-04 18:59:54
ecobici,ecobici_gbfs_station_status,2026-09-04T19:07:47Z,2026-09-04,20260904T190746Z,570,1,0,26,0,1,1,1,1788548336,False,False,2026-09-04 18:58:56
ecobici,ecobici_gbfs_station_status,2026-09-04T19:07:47Z,2026-09-04,20260904T190746Z,571,0,2,25,0,1,1,1,1788548580,False,False,2026-09-04 19:03:00
ecobici,ecobici_gbfs_station_status,2026-09-04T19:07:47Z,2026-09-04,20260904T190746Z,572,5,0,22,0,1,1,1,1788548533,False,False,2026-09-04 19:02:13
ecobici,ecobici_gbfs_station_status,2026-09-04T19:07:47Z,2026-09-04,20260904T190746Z,573,4,0,19,0,1,1,1,1788548239,False,False,2026-09-04 18:57:19
ecobici,ecobici_gbfs_station_status,2026-09-04T19:07:47Z,2026-09-04,20260904T190746Z,574,2,2,19,0,1,1,1,1788548264,False,False,2026-09-04 18:57:44
ecobici,ecobici_gbfs_station_status,2026-09-04T19:07:47Z,2026-09-04,20260904T190746Z,575,0,1,22,0,1,1,1,1788542737,False,False,2026-09-04 17:25:37
ecobici,ecobici_gbfs_station_status,2026-09-04T19:07:47Z,2026-09-04,20260904T190746Z,576,12,0,27,0,1,1,1,1788548808,False,False,2026-09-04 19:06:48
ecobici,ecobici_gbfs_station_status,2026-09-04T19:07:47Z,2026-09-04,20260904T190746Z,577,11,0,8,0,1,1,1,1788548815,False,False,2026-09-04 19:06:55
ecobici,ecobici_gbfs_station_status,2026-09-04T19:07:47Z,2026-09-04,20260904T190746Z,578,1,0,34,0,1,1,1,1788546990,False,False,2026-09-04 18:36:30
ecobici,ecobici_gbfs_station_status,2026-09-04T19:07:47Z,2026-09-04,20260904T190746Z,579,18,1,12,0,1,1,1,1788548467,False,False,2026-09-04 19:01:07
ecobici,ecobici_gbfs_station_status,2026-09-04T19:07:47Z,2026-09-04,20260904T190746Z,580,0,0,31,0,1,1,1,1788543187,False,False,2026-09-04 17:33:07
ecobici,ecobici_gbfs_station_status,2026-09-04T19:07:47Z,2026-09-04,20260904T190746Z,581,5,1,21,0,1,1,1,1788548233,False,False,2026-09-04 18:57:13
ecobici,ecobici_gbfs_station_status,2026-09-04T19:07:47Z,2026-09-04,20260904T190746Z,582,5,2,16,0,1,1,1,1788548845,False,False,2026-09-04 19:07:25
ecobici,ecobici_gbfs_station_status,2026-09-04T19:07:47Z,2026-09-04,20260904T190746Z,583,3,0,24,0,1,1,1,1788548437,False,False,2026-09-04 19:00:37
ecobici,ecobici_gbfs_station_status,2026-09-04T19:07:47Z,2026-09-04,20260904T190746Z,584,2,0,21,0,1,1,1,1788547081,False,False,2026-09-04 18:38:01
ecobici,ecobici_gbfs_station_status,2026-09-04T19:07:47Z,2026-09-04,20260904T190746Z,585,24,0,7,0,1,1,1,1788548622,False,False,2026-09-04 19:03:42
ecobici,ecobici_gbfs_station_status,2026-09-04T19:07:47Z,2026-09-04,20260904T190746Z,586,6,0,25,0,1,1,1,1788545032,False,False,2026-09-04 18:03:52
ecobici,ecobici_gbfs_station_status,2026-09-04T19:07:47Z,2026-09-04,20260904T190746Z,587,1,0,22,0,1,1,1,1788547816,False,False,2026-09-04 18:50:16
ecobici,ecobici_gbfs_station_status,2026-09-04T19:07:47Z,2026-09-04,20260904T190746Z,588,3,2,18,0,1,1,1,1788546313,False,False,2026-09-04 18:25:13
ecobici,ecobici_gbfs_station_status,2026-09-04T19:07:47Z,2026-09-04,20260904T190746Z,589,0,0,19,0,1,1,1,1788543059,False,False,2026-09-04 17:30:59
ecobici,ecobici_gbfs_station_status,2026-09-04T19:07:47Z,2026-09-04,20260904T190746Z,590,5,0,22,0,1,1,1,1788548817,False,False,2026-09-04 19:06:57
ecobici,ecobici_gbfs_station_status,2026-09-04T19:07:47Z,2026-09-04,20260904T190746Z,591,2,1,24,0,1,1,1,1788547885,False,False,2026-09-04 18:51:25
ecobici,ecobici_gbfs_station_status,2026-09-04T19:07:47Z,2026-09-04,20260904T190746Z,592,1,0,22,0,1,1,1,1788546994,False,False,2026-09-04 18:36:34
ecobici,ecobici_gbfs_station_status,2026-09-04T19:07:47Z,2026-09-04,20260904T190746Z,593,2,0,29,0,1,1,1,1788544245,False,False,2026-09-04 17:50:45
ecobici,ecobici_gbfs_station_status,2026-09-04T19:07:47Z,2026-09-04,20260904T190746Z,594,0,0,27,0,1,1,1,1788544259,False,False,2026-09-04 17:50:59
ecobici,ecobici_gbfs_station_status,2026-09-04T19:07:47Z,2026-09-04,20260904T190746Z,595,3,1,19,0,1,1,1,1788548761,False,False,2026-09-04 19:06:01
ecobici,ecobici_gbfs_station_status,2026-09-04T19:07:47Z,2026-09-04,20260904T190746Z,596,2,1,20,0,1,1,1,1788547462,False,False,2026-09-04 18:44:22
ecobici,ecobici_gbfs_station_status,2026-09-04T19:07:47Z,2026-09-04,20260904T190746Z,597,0,0,27,0,1,1,1,1788548680,False,False,2026-09-04 19:04:40
ecobici,ecobici_gbfs_station_status,2026-09-04T19:07:47Z,2026-09-04,20260904T190746Z,598,0,1,22,0,1,1,1,1788548053,False,False,2026-09-04 18:54:13
ecobici,ecobici_gbfs_station_status,2026-09-04T19:07:47Z,2026-09-04,20260904T190746Z,599,0,1,22,0,1,1,1,1788548427,False,False,2026-09-04 19:00:27
ecobici,ecobici_gbfs_station_status,2026-09-04T19:07:47Z,2026-09-04,20260904T190746Z,600,11,1,15,0,1,1,1,1788548693,False,False,2026-09-04 19:04:53
ecobici,ecobici_gbfs_station_status,2026-09-04T19:07:47Z,2026-09-04,20260904T190746Z,601,4,2,21,0,1,1,1,1788547444,False,False,2026-09-04 18:44:04
ecobici,ecobici_gbfs_station_status,2026-09-04T19:07:47Z,2026-09-04,20260904T190746Z,602,5,0,26,0,1,1,1,1788548215,False,False,2026-09-04 18:56:55
ecobici,ecobici_gbfs_station_status,2026-09-04T19:07:47Z,2026-09-04,20260904T190746Z,603,2,1,24,0,1,1,1,1788548470,False,False,2026-09-04 19:01:10
ecobici,ecobici_gbfs_station_status,2026-09-04T19:07:47Z,2026-09-04,20260904T190746Z,604,3,0,16,0,1,1,1,1788548759,False,False,2026-09-04 19:05:59
ecobici,ecobici_gbfs_station_status,2026-09-04T19:07:47Z,2026-09-04,20260904T190746Z,605,6,1,20,0,1,1,1,1788548449,False,False,2026-09-04 19:00:49
ecobici,ecobici_gbfs_station_status,2026-09-04T19:07:47Z,2026-09-04,20260904T190746Z,606,0,0,23,0,1,1,1,1788541854,False,False,2026-09-04 17:10:54
ecobici,ecobici_gbfs_station_status,2026-09-04T19:07:47Z,2026-09-04,20260904T190746Z,607,0,0,15,0,1,1,1,1788548737,False,False,2026-09-04 19:05:37
ecobici,ecobici_gbfs_station_status,2026-09-04T19:07:47Z,2026-09-04,20260904T190746Z,608,2,1,28,0,1,1,1,1788547491,False,False,2026-09-04 18:44:51
ecobici,ecobici_gbfs_station_status,2026-09-04T19:07:47Z,2026-09-04,20260904T190746Z,609,0,3,24,0,1,1,1,1788548580,False,False,2026-09-04 19:03:00
ecobici,ecobici_gbfs_station_status,2026-09-04T19:07:47Z,2026-09-04,20260904T190746Z,610,0,0,19,0,1,1,1,1788547787,False,False,2026-09-04 18:49:47
ecobici,ecobici_gbfs_station_status,2026-09-04T19:07:47Z,2026-09-04,20260904T190746Z,611,0,3,20,0,1,1,1,1788548738,False,False,2026-09-04 19:05:38
ecobici,ecobici_gbfs_station_status,2026-09-04T19:07:47Z,2026-09-04,20260904T190746Z,613,10,0,13,0,1,1,1,1788548322,False,False,2026-09-04 18:58:42
ecobici,ecobici_gbfs_station_status,2026-09-04T19:07:47Z,2026-09-04,20260904T190746Z,614,2,0,21,0,1,1,1,1788548108,False,False,2026-09-04 18:55:08
ecobici,ecobici_gbfs_station_status,2026-09-04T19:07:47Z,2026-09-04,20260904T190746Z,615,6,0,13,0,1,1,1,1788546396,False,False,2026-09-04 18:26:36
ecobici,ecobici_gbfs_station_status,2026-09-04T19:07:47Z,2026-09-04,20260904T190746Z,616,7,1,15,0,1,1,1,1788547707,False,False,2026-09-04 18:48:27
ecobici,ecobici_gbfs_station_status,2026-09-04T19:07:47Z,2026-09-04,20260904T190746Z,617,8,0,17,0,1,1,1,1788548638,False,False,2026-09-04 19:03:58
ecobici,ecobici_gbfs_station_status,2026-09-04T19:07:47Z,2026-09-04,20260904T190746Z,618,9,0,22,0,1,1,1,1788548453,False,False,2026-09-04 19:00:53
ecobici,ecobici_gbfs_station_status,2026-09-04T19:07:47Z,2026-09-04,20260904T190746Z,619,1,0,22,0,1,1,1,1788548757,False,False,2026-09-04 19:05:57
ecobici,ecobici_gbfs_station_status,2026-09-04T19:07:47Z,2026-09-04,20260904T190746Z,620,7,0,20,0,1,1,1,1788547470,False,False,2026-09-04 18:44:30
ecobici,ecobici_gbfs_station_status,2026-09-04T19:07:47Z,2026-09-04,20260904T190746Z,621,0,1,22,0,1,1,1,1788548393,False,False,2026-09-04 18:59:53
ecobici,ecobici_gbfs_station_status,2026-09-04T19:07:47Z,2026-09-04,20260904T190746Z,622,0,0,23,0,1,1,1,1788546807,False,False,2026-09-04 18:33:27
ecobici,ecobici_gbfs_station_status,2026-09-04T19:07:47Z,2026-09-04,20260904T190746Z,623,6,0,25,0,1,1,1,1788548476,False,False,2026-09-04 19:01:16
ecobici,ecobici_gbfs_station_status,2026-09-04T19:07:47Z,2026-09-04,20260904T190746Z,624,1,1,25,0,1,1,1,1788548858,False,False,2026-09-04 19:07:38
ecobici,ecobici_gbfs_station_status,2026-09-04T19:07:47Z,2026-09-04,20260904T190746Z,625,0,1,30,0,1,1,1,1788548834,False,False,2026-09-04 19:07:14
ecobici,ecobici_gbfs_station_status,2026-09-04T19:07:47Z,2026-09-04,20260904T190746Z,626,0,0,23,0,1,0,0,1782766289,False,False,2026-06-29 20:51:29
ecobici,ecobici_gbfs_station_status,2026-09-04T19:07:47Z,2026-09-04,20260904T190746Z,627,0,0,23,0,1,1,1,1788548687,False,False,2026-09-04 19:04:47
ecobici,ecobici_gbfs_station_status,2026-09-04T19:07:47Z,2026-09-04,20260904T190746Z,628,2,0,29,0,1,1,1,1788548450,False,False,2026-09-04 19:00:50
ecobici,ecobici_gbfs_station_status,2026-09-04T19:07:47Z,2026-09-04,20260904T190746Z,629,12,0,14,0,1,1,1,1788548602,False,False,2026-09-04 19:03:22
ecobici,ecobici_gbfs_station_status,2026-09-04T19:07:47Z,2026-09-04,20260904T190746Z,630,8,0,19,0,1,1,1,1788548632,False,False,2026-09-04 19:03:52
ecobici,ecobici_gbfs_station_status,2026-09-04T19:07:47Z,2026-09-04,20260904T190746Z,631,14,1,12,0,1,1,1,1788547806,False,False,2026-09-04 18:50:06
ecobici,ecobici_gbfs_station_status,2026-09-04T19:07:47Z,2026-09-04,20260904T190746Z,632,8,0,19,0,1,1,1,1788547576,False,False,2026-09-04 18:46:16
ecobici,ecobici_gbfs_station_status,2026-09-04T19:07:47Z,2026-09-04,20260904T190746Z,633,0,0,31,0,1,1,1,1788547329,False,False,2026-09-04 18:42:09
ecobici,ecobici_gbfs_station_status,2026-09-04T19:07:47Z,2026-09-04,20260904T190746Z,634,13,1,22,0,1,1,1,1788545765,False,False,2026-09-04 18:16:05
ecobici,ecobici_gbfs_station_status,2026-09-04T19:07:47Z,2026-09-04,20260904T190746Z,635,6,1,28,0,1,1,1,1788548554,False,False,2026-09-04 19:02:34
ecobici,ecobici_gbfs_station_status,2026-09-04T19:07:47Z,2026-09-04,20260904T190746Z,636,0,1,18,0,1,1,1,1788547562,False,False,2026-09-04 18:46:02
ecobici,ecobici_gbfs_station_status,2026-09-04T19:07:47Z,2026-09-04,20260904T190746Z,637,3,0,24,0,1,1,1,1788547543,False,False,2026-09-04 18:45:43
ecobici,ecobici_gbfs_station_status,2026-09-04T19:07:47Z,2026-09-04,20260904T190746Z,638,1,0,26,0,1,1,1,1788548093,False,False,2026-09-04 18:54:53
ecobici,ecobici_gbfs_station_status,2026-09-04T19:07:47Z,2026-09-04,20260904T190746Z,639,8,2,5,0,1,1,1,1788548858,False,False,2026-09-04 19:07:38
ecobici,ecobici_gbfs_station_status,2026-09-04T19:07:47Z,2026-09-04,20260904T190746Z,640,7,0,16,0,1,1,1,1788546840,False,False,2026-09-04 18:34:00
ecobici,ecobici_gbfs_station_status,2026-09-04T19:07:47Z,2026-09-04,20260904T190746Z,641,2,0,25,0,1,1,1,1788548562,False,False,2026-09-04 19:02:42
ecobici,ecobici_gbfs_station_status,2026-09-04T19:07:47Z,2026-09-04,20260904T190746Z,642,4,0,19,0,1,1,1,1788548574,False,False,2026-09-04 19:02:54
ecobici,ecobici_gbfs_station_status,2026-09-04T19:07:47Z,2026-09-04,20260904T190746Z,643,3,1,47,0,1,1,1,1788548850,False,False,2026-09-04 19:07:30
ecobici,ecobici_gbfs_station_status,2026-09-04T19:07:47Z,2026-09-04,20260904T190746Z,644,0,1,14,0,1,1,1,1788547392,False,False,2026-09-04 18:43:12
ecobici,ecobici_gbfs_station_status,2026-09-04T19:07:47Z,2026-09-04,20260904T190746Z,645,4,0,27,0,1,1,1,1788548489,False,False,2026-09-04 19:01:29
ecobici,ecobici_gbfs_station_status,2026-09-04T19:07:47Z,2026-09-04,20260904T190746Z,646,2,0,21,0,1,1,1,1788548516,False,False,2026-09-04 19:01:56
ecobici,ecobici_gbfs_station_status,2026-09-04T19:07:47Z,2026-09-04,20260904T190746Z,647,0,2,25,0,1,1,1,1788547963,False,False,2026-09-04 18:52:43
ecobici,ecobici_gbfs_station_status,2026-09-04T19:07:47Z,2026-09-04,20260904T190746Z,648,3,1,11,0,1,1,1,1788548598,False,False,2026-09-04 19:03:18
ecobici,ecobici_gbfs_station_status,2026-09-04T19:07:47Z,2026-09-04,20260904T190746Z,649,7,0,16,0,1,1,1,1788546810,False,False,2026-09-04 18:33:30
ecobici,ecobici_gbfs_station_status,2026-09-04T19:07:47Z,2026-09-04,20260904T190746Z,650,5,0,22,0,1,1,1,1788548669,False,False,2026-09-04 19:04:29
ecobici,ecobici_gbfs_station_status,2026-09-04T19:07:47Z,2026-09-04,20260904T190746Z,651,2,1,24,0,1,1,1,1788548009,False,False,2026-09-04 18:53:29
ecobici,ecobici_gbfs_station_status,2026-09-04T19:07:47Z,2026-09-04,20260904T190746Z,652,2,0,25,0,1,1,1,1788548518,False,False,2026-09-04 19:01:58
ecobici,ecobici_gbfs_station_status,2026-09-04T19:07:47Z,2026-09-04,20260904T190746Z,653,4,0,23,0,1,1,1,1788548628,False,False,2026-09-04 19:03:48
ecobici,ecobici_gbfs_station_status,2026-09-04T19:07:47Z,2026-09-04,20260904T190746Z,654,4,1,14,0,1,1,1,1788548822,False,False,2026-09-04 19:07:02
ecobici,ecobici_gbfs_station_status,2026-09-04T19:07:47Z,2026-09-04,20260904T190746Z,655,4,0,23,0,1,1,1,1788546177,False,False,2026-09-04 18:22:57
ecobici,ecobici_gbfs_station_status,2026-09-04T19:07:47Z,2026-09-04,20260904T190746Z,656,7,1,31,0,1,1,1,1788548394,False,False,2026-09-04 18:59:54
ecobici,ecobici_gbfs_station_status,2026-09-04T19:07:47Z,2026-09-04,20260904T190746Z,657,28,2,1,0,1,1,1,1788548850,False,False,2026-09-04 19:07:30
ecobici,ecobici_gbfs_station_status,2026-09-04T19:07:47Z,2026-09-04,20260904T190746Z,658,4,2,21,0,1,1,1,1788548821,False,False,2026-09-04 19:07:01
ecobici,ecobici_gbfs_station_status,2026-09-04T19:07:47Z,2026-09-04,20260904T190746Z,659,2,1,30,0,1,1,1,1788548612,False,False,2026-09-04 19:03:32
ecobici,ecobici_gbfs_station_status,2026-09-04T19:07:47Z,2026-09-04,20260904T190746Z,660,0,0,27,0,1,1,1,1788544303,False,False,2026-09-04 17:51:43
ecobici,ecobici_gbfs_station_status,2026-09-04T19:07:47Z,2026-09-04,20260904T190746Z,662,4,4,15,0,1,1,1,1788548459,False,False,2026-09-04 19:00:59
ecobici,ecobici_gbfs_station_status,2026-09-04T19:07:47Z,2026-09-04,20260904T190746Z,663,0,1,22,0,1,1,1,1788548835,False,False,2026-09-04 19:07:15
ecobici,ecobici_gbfs_station_status,2026-09-04T19:07:47Z,2026-09-04,20260904T190746Z,664,5,0,22,0,1,1,1,1788548428,False,False,2026-09-04 19:00:28
ecobici,ecobici_gbfs_station_status,2026-09-04T19:07:47Z,2026-09-04,20260904T190746Z,665,0,1,26,0,1,1,1,1788547946,False,False,2026-09-04 18:52:26
ecobici,ecobici_gbfs_station_status,2026-09-04T19:07:47Z,2026-09-04,20260904T190746Z,666,7,0,12,0,1,1,1,1788548667,False,False,2026-09-04 19:04:27
ecobici,ecobici_gbfs_station_status,2026-09-04T19:07:47Z,2026-09-04,20260904T190746Z,667,0,1,30,0,1,1,1,1788547302,False,False,2026-09-04 18:41:42
ecobici,ecobici_gbfs_station_status,2026-09-04T19:07:47Z,2026-09-04,20260904T190746Z,668,1,1,28,1,1,1,1,1788548714,False,False,2026-09-04 19:05:14
ecobici,ecobici_gbfs_station_status,2026-09-04T19:07:47Z,2026-09-04,20260904T190746Z,669,13,0,14,0,1,1,1,1788548544,False,False,2026-09-04 19:02:24
ecobici,ecobici_gbfs_station_status,2026-09-04T19:07:47Z,2026-09-04,20260904T190746Z,670,13,3,3,0,1,1,1,1788547640,False,False,2026-09-04 18:47:20
ecobici,ecobici_gbfs_station_status,2026-09-04T19:07:47Z,2026-09-04,20260904T190746Z,671,0,1,26,0,1,1,1,1788547361,False,False,2026-09-04 18:42:41
ecobici,ecobici_gbfs_station_status,2026-09-04T19:07:47Z,2026-09-04,20260904T190746Z,672,2,1,16,0,1,1,1,1788548641,False,False,2026-09-04 19:04:01
ecobici,ecobici_gbfs_station_status,2026-09-04T19:07:47Z,2026-09-04,20260904T190746Z,673,0,0,19,0,1,1,1,1788548595,False,False,2026-09-04 19:03:15
ecobici,ecobici_gbfs_station_status,2026-09-04T19:07:47Z,2026-09-04,20260904T190746Z,674,3,0,16,0,1,1,1,1788548014,False,False,2026-09-04 18:53:34
ecobici,ecobici_gbfs_station_status,2026-09-04T19:07:47Z,2026-09-04,20260904T190746Z,678,0,1,20,0,1,1,1,1788539726,False,False,2026-09-04 16:35:26
ecobici,ecobici_gbfs_station_status,2026-09-04T19:07:47Z,2026-09-04,20260904T190746Z,681,0,0,23,0,1,1,1,1788546420,False,False,2026-09-04 18:27:00
ecobici,ecobici_gbfs_station_status,2026-09-04T19:07:47Z,2026-09-04,20260904T190746Z,682,0,2,21,0,1,1,1,1788547364,False,False,2026-09-04 18:42:44
ecobici,ecobici_gbfs_station_status,2026-09-04T19:07:47Z,2026-09-04,20260904T190746Z,683,12,0,15,0,1,1,1,1788548482,False,False,2026-09-04 19:01:22
ecobici,ecobici_gbfs_station_status,2026-09-04T19:07:47Z,2026-09-04,20260904T190746Z,684,7,0,12,0,1,1,1,1788548595,False,False,2026-09-04 19:03:15
ecobici,ecobici_gbfs_station_status,2026-09-04T19:07:47Z,2026-09-04,20260904T190746Z,685,5,3,19,0,1,1,1,1788546686,False,False,2026-09-04 18:31:26
ecobici,ecobici_gbfs_station_status,2026-09-04T19:07:47Z,2026-09-04,20260904T190746Z,686,11,1,23,0,1,1,1,1788548714,False,False,2026-09-04 19:05:14
ecobici,ecobici_gbfs_station_status,2026-09-04T19:07:47Z,2026-09-04,20260904T190746Z,694,8,1,10,0,1,1,1,1788547685,False,False,2026-09-04 18:48:05
ecobici,ecobici_gbfs_station_status,2026-09-04T19:07:47Z,2026-09-04,20260904T190746Z,695,6,0,29,0,1,1,1,1788548360,False,False,2026-09-04 18:59:20
ecobici,ecobici_gbfs_station_status,2026-09-04T19:07:47Z,2026-09-04,20260904T190746Z,697,1,1,25,0,1,1,1,1788548692,False,False,2026-09-04 19:04:52
ecobici,ecobici_gbfs_station_status,2026-09-04T19:07:47Z,2026-09-04,20260904T190746Z,698,12,0,11,0,1,1,1,1788545591,False,False,2026-09-04 18:13:11
ecobici,ecobici_gbfs_station_status,2026-09-04T19:07:47Z,2026-09-04,20260904T190746Z,699,12,1,6,0,1,1,1,1788548253,False,False,2026-09-04 18:57:33
ecobici,ecobici_gbfs_station_status,2026-09-04T19:07:47Z,2026-09-04,20260904T190746Z,700,2,0,37,0,1,1,1,1788548766,False,False,2026-09-04 19:06:06
ecobici,ecobici_gbfs_station_status,2026-09-04T19:07:47Z,2026-09-04,20260904T190746Z,701,3,0,19,1,1,1,1,1788548642,False,False,2026-09-04 19:04:02
ecobici,ecobici_gbfs_station_status,2026-09-04T19:07:47Z,2026-09-04,20260904T190746Z,702,2,1,20,0,1,1,1,1788548280,False,False,2026-09-04 18:58:00
ecobici,ecobici_gbfs_station_status,2026-09-04T19:07:47Z,2026-09-04,20260904T190746Z,705,1,1,19,0,1,1,1,1788548849,False,False,2026-09-04 19:07:29
